時間戳記,1）請問您工作地點的類型？,2）請問您工作地點的所在區域？,3）從1到5級距，您認為藝術產業的碳排放量在那個相對位置？,4） 您對於聯合國永續發展目標（SDGs）的瞭解在那個相對位置？,5） 您認為藝術跟聯合國永續發展目標（SDGs）的相關度為何？,6） 請勾選您心目中藝術跟環境保護（E）的相關度。（如節能減碳）,7） 請勾選您心目中藝術跟社會責任（S）的相關度。（如關懷共感）,8） 請勾選您心目中藝術跟機構治理（G）的相關度。（如永續章程  ）,9） 您對於「台灣 2050 淨零排放」政策的瞭解在那個相對位置？ ,10） 您認為藝術跟台灣 2050 淨零排放政策的相關度為何？,11）以下四項藝術活動，請按照您的經驗或直覺，排列出碳排放量的相對高低。 [建築耗能],11）以下四項藝術活動，請按照您的經驗或直覺，排列出碳排放量的相對高低。 [展場物流場佈],11）以下四項藝術活動，請按照您的經驗或直覺，排列出碳排放量的相對高低。 [人員商務差旅],11）以下四項藝術活動，請按照您的經驗或直覺，排列出碳排放量的相對高低。 [觀眾交通],12）您的工作處有在推動永續事務嗎？(可複選),13）您個人有採取下列減少碳排放的行動嗎？（可複選）,14）您認為以數位形式舉辦藝文展覽，是否能降低碳排放？,15）您覺得藝文獎補助與採購，要求申請者揭露碳排放報告，會提升民意機關和民眾的藝文支持度嗎？,16）您是否願意進一步瞭解藝術永續相關的資訊，如操作指南、計算工具、教育訓練、政策倡議？,1)請問貴單位的佔地面積？,2）請問貴單位的專職人力？,3）請分別勾選貴單位使用不同降溫措施的頻率。 [最常使用],3）請分別勾選貴單位使用不同降溫措施的頻率。 [經常使用],3）請分別勾選貴單位使用不同降溫措施的頻率。 [偶爾使用],3）請分別勾選貴單位使用不同降溫措施的頻率。 [最少使用],4）請參考最近一期的台灣電力公司帳單，填入繳了多少錢。(請註明「用電種類」：非營業用/營業用),5） 請參考最近一期的自來水公司帳單， 填入繳了多少錢。,6） 請參考最近一期的天然氣帳單，填入繳了多少錢。,7）請依使用經驗，填入桶裝瓦斯用量。（公升／兩個月 ）,8） 請列出近兩個月，貴單位搭乘「高鐵」進行公務差旅的月平均車資。（元／月）,9）請列出近兩個月，貴單位搭乘「台鐵」進行公務差旅的月平均車資。（元／月）,10）請填入貴單位搭乘「捷運/輕軌」進行公務差旅的月平均車資。（元／月）,11）請填入貴單位搭乘「公車/客運」進行公務差旅的月平均車資。（元／月）,12）請填入貴單位搭乘「計程車」進行公務差旅的月平均車資。（元／月）,"13） 請填入貴單位「自行開車及騎機車」進行公務差旅的月平均汽油費用？（
元／月）",14）   請填入貴單位「自行開車及騎機車」進行公務差旅的月平均柴油費用？（元／月）,15） 請填入貴單位「自行開車及騎機車」進行公務差旅的月平均用電費用？（元／月）,16） 請列出近兩個月，貴單位搭乘 「飛機」進行公務差旅、運送展出品及佈景的用量 。（起點／迄點／人次） ,17）   請列出近兩個月，貴單位搭乘 「船舶」進行公務差旅、運送展出品及佈景的用量 。（起點／迄點／公噸） 
2023/08/02 12:00:59 上午 GMT+8,工作室,北部,3,4,4,3,4,3,4,3,最高,最低,較低,較高,有，以行動或計畫進行,使用無毒媒材、再生材料、廢物利用素材等;減少包裝材及文宣印製;工作場所、活動展場的節約能源;減少商務差旅,不清楚，需要更多資訊。,會，是淨零時代的所需。,願意,50坪以下,2～5人,冷氣機,電風扇,自然通風,中央空調,700,20,,,3000,,,,2000,,,,,
2023/08/02 3:10:33 下午 GMT+8,金融,北部,2,4,4,3,4,3,4,3,最高,較低,最低,較高,沒有,使用無毒媒材、再生材料、廢物利用素材等;減少包裝材及文宣印製;工作場所、活動展場的節約能源;減少商務差旅;用海運或陸運取代空運;選擇符合永續精神的活動場地,不清楚，需要更多資訊。,會，是淨零時代的所需。,願意,100坪~1000坪,51人以上,中央空調,冷氣機,自然通風,電風扇,2500,300,0,0,1400,0,700,60,0,0,0,0,0,0
2023/08/02 6:16:51 下午 GMT+8,政府機關,北部,2,2,3,3,4,2,3,2,較高,最低,較低,最高,有，以行動或計畫進行,使用無毒媒材、再生材料、廢物利用素材等;工作場所、活動展場的節約能源,是,會，是淨零時代的所需。,不願意,50坪~100坪,21~50人,中央空調,電風扇,自然通風,冷氣機,需洽詢總務單位，本人無資料。,需洽詢總務單位，本人無資料。,需洽詢總務單位，本人無資料。,需洽詢總務單位，本人無資料。,需洽詢總務單位，本人無資料。,需洽詢總務單位，本人無資料。,需洽詢總務單位，本人無資料。,需洽詢總務單位，本人無資料。,需洽詢總務單位，本人無資料。,需洽詢總務單位，本人無資料。,需洽詢總務單位，本人無資料。,需洽詢總務單位，本人無資料。,需洽詢總務單位，本人無資料。,需洽詢總務單位，本人無資料。
2023/08/02 10:47:38 下午 GMT+8,工作室,北部,2,1,3,4,5,5,2,5,較低,最高,最低,較高,沒有,減少包裝材及文宣印製,是,不會，藝文預算不會受藝術永續與否影響。,不願意,50坪~100坪,2～5人,冷氣機,電風扇,自然通風,中央空調,1000,200元,很少 忘了,沒有,0,0,200,0,2000,一個月加兩次 一次2600,汽油,汽油,0,0
2023/08/03 4:19:14 上午 GMT+8,工作室,北部,4,4,4,4,5,3,4,2,較高,較低,最低,最高,有，以行動或計畫進行,減少包裝材及文宣印製;工作場所、活動展場的節約能源;減少商務差旅,是,不會，藝文預算不會受藝術永續與否影響。,願意,50坪以下,1人,電風扇,自然通風;冷氣機,,中央空調,1000,300,100,0,1000,0,100,0,200,0,0,0,0,0
2023/08/03 10:14:06 上午 GMT+8,工作室,北部,2,3,4,4,5,4,2,2,最高,最低,較低,較高,不清楚,使用無毒媒材、再生材料、廢物利用素材等;減少包裝材及文宣印製;工作場所、活動展場的節約能源,是,會，是淨零時代的所需。,願意,50坪以下,1人,冷氣機,電風扇,自然通風,,不清楚,不清楚,不清楚,不清楚,未搭高鐵,未搭台鐵,未搭捷運,未搭公車/客運,未搭小黃,1500元/月,1500元/月,未騎,未搭,未搭
2023/08/03 10:25:07 上午 GMT+8,工作室,北部,3,1,4,5,4,2,1,4,最高,較低,最低,較高,沒有,減少包裝材及文宣印製;用海運或陸運取代空運,是,會，是淨零時代的所需。,願意,50坪以下,1人,電風扇,冷氣機,自然通風,中央空調,,,,,,,,,,,,,,
2023/08/03 10:43:06 上午 GMT+8,工作室,北部,1,3,3,3,4,4,3,4,最低,較高,較低,最高,沒有,使用無毒媒材、再生材料、廢物利用素材等;減少包裝材及文宣印製;工作場所、活動展場的節約能源,是,會，是淨零時代的所需。,願意,50坪以下,1人,自然通風,冷氣機,電風扇,中央空調,1000,400,200,無,無,無,300,300,700,1500,無,無,無,無
2023/08/03 1:56:10 下午 GMT+8,工作室,北部,2,1,2,2,1,1,1,1,較高,最低,較低,最高,沒有,沒有,不清楚，需要更多資訊。,不清楚，需要更多資訊。,不願意,,,,,,,3000,500,0,0,0,0,0,0,0,500,0,0,0,0
2023/08/03 2:06:03 下午 GMT+8,替代空間,北部,1,1,1,3,5,1,1,1,較高,最低,最高,較低,沒有,減少包裝材及文宣印製;沒有,是,不會，藝文預算不會受藝術永續與否影響。,不願意,,,,,,,,,,,,,,,,,,,,
2023/08/03 2:15:49 下午 GMT+8,工作室,北部,4,4,4,4,4,3,4,4,最低,較低,較高,最高,有，以行動或計畫進行,減少包裝材及文宣印製,是,會，是淨零時代的所需。,願意,50坪以下,2～5人,冷氣機,電風扇,電風扇,自然通風,800,500,400,0,0,0,0,0,0,2000,0,0,0,0
2023/08/03 4:00:41 下午 GMT+8,校院,北部,1,2,2,2,2,2,2,1,最低,較低,較高,最高,沒有,減少包裝材及文宣印製,不清楚，需要更多資訊。,不清楚，需要更多資訊。,不願意,,,,,,,,,,,,,,,,,,,,
2023/08/03 4:53:04 下午 GMT+8,工作室,北部,3,4,4,4,4,4,4,4,最高,最低,較低,較高,有，以行動或計畫進行,使用無毒媒材、再生材料、廢物利用素材等;減少包裝材及文宣印製;工作場所、活動展場的節約能源;選擇符合永續精神的活動場地,是,會，是淨零時代的所需。,願意,50坪~100坪,2～5人,自然通風;電風扇,冷氣機,,中央空調,1254,144,0,0.5公升/二個月,0,0,0,0,0,500/月,500/月,100元/月,0,0
2023/08/03 7:50:01 下午 GMT+8,工作室,北部,4,3,5,5,5,5,3,5,最高,較低,較高,最低,有，以行動或計畫進行,使用無毒媒材、再生材料、廢物利用素材等;減少包裝材及文宣印製;工作場所、活動展場的節約能源;減少商務差旅;用海運或陸運取代空運;選擇符合永續精神的活動場地,是,會，是淨零時代的所需。,願意,50坪以下,1人,電風扇,自然通風,冷氣機,中央空調,工作室兼住家故無法拆開計算,工作室兼住家故無法拆開計算,工作室兼住家故無法拆開計算,使用天然氣非桶裝瓦斯,0,0,0,0,0,50,0,0,0,0
2023/08/03 8:19:33 下午 GMT+8,工作室,東部,3,3,3,3,5,1,3,1,較低,最低,較高,最高,沒有,工作場所、活動展場的節約能源,否,不清楚，需要更多資訊。,願意,,,,,,,,,,,,,,,,,,,,
2023/08/04 7:50:26 上午 GMT+8,工作室,中部,2,2,1,3,4,2,2,2,較高,最高,最低,較低,沒有,減少商務差旅,不清楚，需要更多資訊。,不會，藝文預算不會受藝術永續與否影響。,願意,,,,,,,,,,,,,,,,,,,,
2023/08/04 11:23:33 上午 GMT+8,校院,北部,4,4,5,4,5,4,2,3,較高,最高,較低,最低,沒有,工作場所、活動展場的節約能源,否,會，是淨零時代的所需。,願意,50坪~100坪,21~50人,電風扇,冷氣機,自然通風,中央空調,,,,,,,,,,,,,,
2023/08/04 11:31:20 上午 GMT+8,校院,北部,1,3,2,2,4,2,2,2,最高,最低,較低,較高,不清楚,使用無毒媒材、再生材料、廢物利用素材等;減少包裝材及文宣印製;工作場所、活動展場的節約能源;選擇符合永續精神的活動場地,否,會，是淨零時代的所需。,願意,5000坪~10000坪,51人以上,冷氣機,電風扇,自然通風,中央空調,不知,不知,不知,不知,未知,未知,未知,未知,未知,未知,未知,未知,未知,未知
2023/08/04 8:25:02 下午 GMT+8,工作室,中部,2,2,2,2,5,1,2,2,較低,最低,最高,較高,沒有,工作場所、活動展場的節約能源,不清楚，需要更多資訊。,不清楚，需要更多資訊。,願意,,,,,,,,,,,,,,,,,,,,
2023/08/05 2:16:24 上午 GMT+8,工作室,北部,3,3,5,3,5,2,2,3,最高,較高,最低,較低,有，以行動或計畫進行,減少包裝材及文宣印製;工作場所、活動展場的節約能源,是,會，是淨零時代的所需。,願意,50坪以下,1人,自然通風;電風扇,中央空調,,冷氣機,兩千一百多,四百五十元,五百,,,兩千五,兩百,,,一千五,,,,
2023/08/05 2:48:47 下午 GMT+8,工作室,國外,4,4,4,4,4,4,1,3,較高,最高,最低,較低,有，以行動或計畫進行,使用無毒媒材、再生材料、廢物利用素材等;減少包裝材及文宣印製;用海運或陸運取代空運,不清楚，需要更多資訊。,會，是淨零時代的所需。,願意,,,,,,,,,,,,,,,,,,,,
2023/08/06 8:55:56 上午 GMT+8,工作室,北部,3,4,4,4,5,3,4,3,最高,較低,最低,較高,有，以行動或計畫進行,使用無毒媒材、再生材料、廢物利用素材等;減少包裝材及文宣印製;減少商務差旅,不清楚，需要更多資訊。,會，是淨零時代的所需。,願意,50坪以下,1人,自然通風,電風扇;冷氣機,,中央空調,1232,344,丟了,0,1400,0,200,0,300,200,0,0,0,0
2023/08/06 2:02:15 下午 GMT+8,工作室,南部,1,2,3,3,5,4,2,2,較低,最低,較高,最高,沒有,使用無毒媒材、再生材料、廢物利用素材等;工作場所、活動展場的節約能源,否,會，是淨零時代的所需。,願意,100坪~1000坪,2～5人,自然通風,電風扇,電風扇,中央空調,350,120,0,0,10000,100,100,150,200,3600,9,0,高雄/澎湖/4,高雄/澎湖/1
2023/08/06 9:31:28 下午 GMT+8,工作室,北部,3,1,3,3,5,5,1,3,最高,較高,最低,較低,沒有,減少包裝材及文宣印製;減少商務差旅;用海運或陸運取代空運,不清楚，需要更多資訊。,不會，藝文預算不會受藝術永續與否影響。,願意,50坪以下,1人,自然通風;電風扇;冷氣機,,,,1000,200,0,0,2000,1500,400,0,600,600,0,0,0,0
2023/08/07 10:39:04 上午 GMT+8,非營利組織/藝術團體,北部,4,4,5,5,5,5,4,5,較低,最高,較高,最低,有，以行動或計畫進行,使用無毒媒材、再生材料、廢物利用素材等;減少包裝材及文宣印製;工作場所、活動展場的節約能源,是,會，是淨零時代的所需。,願意,50坪~100坪,2～5人,冷氣機,電風扇,,自然通風;中央空調,14827,241,無使用,無使用,0,0,,,,,0,0,,無
2023/08/07 2:21:38 下午 GMT+8,校院,北部,2,1,2,2,4,4,1,1,最高,較低,最低,較高,沒有,沒有,是,不清楚，需要更多資訊。,願意,,,,,,,,,,,,,,,,,,,,
2023/08/07 2:25:47 下午 GMT+8,校院,北部,4,4,4,4,4,4,3,4,最高,較低,最低,較高,有，設置專門的永續部門處理;有，以行動或計畫進行;有，制定藝術永續推動章程,使用無毒媒材、再生材料、廢物利用素材等;減少包裝材及文宣印製;工作場所、活動展場的節約能源;減少商務差旅;用海運或陸運取代空運;選擇符合永續精神的活動場地,是,會，是淨零時代的所需。,願意,,,,,,,,,,,,,,,,,,,,
2023/08/08 10:22:11 上午 GMT+8,工作室,北部,2,2,2,3,4,4,2,2,最高,較高,較低,最低,不清楚,選擇符合永續精神的活動場地,是,會，是淨零時代的所需。,願意,,,,,,,,,,,,,,,,,,,,
2023/08/08 10:25:24 上午 GMT+8,工作室,北部,3,2,1,1,5,2,2,2,最高,較低,最低,較高,有，以行動或計畫進行,沒有,是,會，是淨零時代的所需。,願意,50坪以下,1人,,,,,,,,,,,,,,,,,,
2023/08/08 1:45:03 下午 GMT+8,非營利組織/藝術團體,北部,3,3,3,3,3,3,3,3,最低,較低,較高,最高,有，以行動或計畫進行,使用無毒媒材、再生材料、廢物利用素材等,否,不會，藝文預算不會受藝術永續與否影響。,願意,50坪~100坪,2～5人,中央空調,冷氣機,電風扇,自然通風,此為總務管理範圍，不便詢問,此為總務管理範圍，不便詢問,此為總務管理範圍，不便詢問,此為總務管理範圍，不便詢問,台灣高鐵往返高雄4次8千多（商務艙）,6月底僅搭台鐵到花蓮出差1次（來回自強號約4百多）,1000,1000,2000,這不知道.協會有請司機付$28000/月,無,無,香港2次1人（香港另有成立構構-展覽物品在香港直接展覽無運送問題）、法國1次1人（場勘）,無
2023/08/08 3:56:06 下午 GMT+8,企業,北部,2,4,4,4,4,4,3,1,較高,最高,較低,最低,有，以行動或計畫進行,使用無毒媒材、再生材料、廢物利用素材等;減少包裝材及文宣印製;工作場所、活動展場的節約能源;選擇符合永續精神的活動場地,是,不清楚，需要更多資訊。,不願意,50坪~100坪,,中央空調,,電風扇,自然通風,,,,,,,,,,,,,0,0
2023/08/08 8:58:32 下午 GMT+8,辦公室,北部,1,1,2,1,2,2,1,2,最低,較低,較高,最高,沒有,使用無毒媒材、再生材料、廢物利用素材等,不清楚，需要更多資訊。,不清楚，需要更多資訊。,願意,100坪~1000坪,51人以上,中央空調,冷氣機,電風扇,自然通風,2500（住家）,982,1459,不清楚,不清楚,不清楚,800,300,800,不清楚,不清楚,不清楚,不清楚,不清楚
2023/08/08 8:58:37 下午 GMT+8,辦公室,北部,1,1,2,1,2,2,1,2,最低,較低,較高,最高,沒有,使用無毒媒材、再生材料、廢物利用素材等,不清楚，需要更多資訊。,不清楚，需要更多資訊。,願意,100坪~1000坪,51人以上,中央空調,冷氣機,電風扇,自然通風,2500（住家）,982,1459,不清楚,不清楚,不清楚,800,300,800,不清楚,不清楚,不清楚,不清楚,不清楚
2023/08/09 8:21:17 上午 GMT+8,替代空間,北部,2,3,3,3,4,3,2,3,最低,較低,較高,最高,有，以行動或計畫進行,使用無毒媒材、再生材料、廢物利用素材等;減少包裝材及文宣印製;工作場所、活動展場的節約能源,是,不清楚，需要更多資訊。,願意,,,,,,,,,,,,,,,,,,,,
2023/08/09 11:11:31 下午 GMT+8,工作室,北部,2,1,1,4,4,3,1,3,最低,最高,較高,較低,有，以行動或計畫進行,使用無毒媒材、再生材料、廢物利用素材等;減少包裝材及文宣印製;工作場所、活動展場的節約能源,是,不清楚，需要更多資訊。,願意,50坪以下,1人,自然通風;電風扇,,冷氣機,,,,,,,,,,,,,,,
2023/08/10 6:28:29 上午 GMT+8,工作室,南部,4,3,3,4,4,2,3,3,最低,最高,較高,較低,有，以行動或計畫進行,使用無毒媒材、再生材料、廢物利用素材等;減少包裝材及文宣印製,不清楚，需要更多資訊。,會，是淨零時代的所需。,願意,,,,,,,,,,,,,,,,,,,,
2023/08/10 7:45:11 下午 GMT+8,工作室,北部,1,1,1,3,5,5,1,3,較高,最高,較低,最低,不清楚,沒有,否,不會，藝文預算不會受藝術永續與否影響。,不願意,50坪以下,1人,電風扇,自然通風,,,,,,,,,,,,,,,,
2023/08/12 6:33:14 下午 GMT+8,非營利組織/藝術團體,南部,5,3,4,2,3,5,3,4,最高,較低,最低,較高,有，以行動或計畫進行,使用無毒媒材、再生材料、廢物利用素材等;減少包裝材及文宣印製;選擇符合永續精神的活動場地,不清楚，需要更多資訊。,不會，藝文預算不會受藝術永續與否影響。,願意,50坪~100坪,2～5人,自然通風,電風扇,冷氣機,中央空調,,,,,,,,,,,,,,
2023/08/12 6:39:20 下午 GMT+8,替代空間,南部,5,3,5,5,3,3,1,5,較高,最高,較低,最低,有，以行動或計畫進行,工作場所、活動展場的節約能源;搭乘大眾交通工具、環保餐具,是,不會，藝文預算不會受藝術永續與否影響。,願意,50坪~100坪,1人,冷氣機,電風扇,自然通風,中央空調,2732,500,0,0,0,0,0,0,0,200,0,0,0,0
2023/08/12 6:39:31 下午 GMT+8,替代空間,南部,5,2,4,4,5,4,1,1,最低,最高,較低,較高,有，以行動或計畫進行,使用無毒媒材、再生材料、廢物利用素材等;工作場所、活動展場的節約能源,不清楚，需要更多資訊。,不會，藝文預算不會受藝術永續與否影響。,願意,50坪~100坪,1人,冷氣機,電風扇,中央空調,自然通風,2732,500,,,,,,,,,,,,
2023/08/12 6:40:01 下午 GMT+8,替代空間,南部,5,3,1,2,1,1,2,2,較高,最高,最低,較低,有，以行動或計畫進行,使用無毒媒材、再生材料、廢物利用素材等;減少包裝材及文宣印製;減少商務差旅,否,不會，藝文預算不會受藝術永續與否影響。,願意,50坪~100坪,1人,冷氣機,自然通風,電風扇,中央空調,2732,500,0,0,我也希望有，但0元,0,0,0,0,200,0,0,我也想，但是0次,0
2023/08/12 6:47:51 下午 GMT+8,替代空間,南部,4,3,1,3,1,1,3,1,最低,最高,較低,較高,有，以行動或計畫進行,使用無毒媒材、再生材料、廢物利用素材等;減少包裝材及文宣印製;工作場所、活動展場的節約能源;減少商務差旅;因金費有限，能省則省，不浪費資源,否,不會，藝文預算不會受藝術永續與否影響。,願意,50坪~100坪,1人,冷氣機,自然通風,電風扇,中央空調,2732,500,0,0,我也希望有，但沒有，0元,0,0,0,0,200,0,0,我也希望有！但0次,0
2023/08/13 4:08:57 下午 GMT+8,劇場、排練場、舞蹈表演空間,北部,4,5,2,1,5,4,3,2,最高,較低,較高,最低,沒有,使用無毒媒材、再生材料、廢物利用素材等;減少包裝材及文宣印製;工作場所、活動展場的節約能源;減少商務差旅;用海運或陸運取代空運;選擇符合永續精神的活動場地;本身為台北市立大學舞蹈學系畢業，畢業後為零浪費生活實踐者，學習樸門永續設計並已經應用在生活中，但對於如何運用在劇場中仍然感到矛盾... ,否,會，是淨零時代的所需。,願意,,,,,,,,,,,,,,,,,,,,
2023/08/14 10:00:16 下午 GMT+8,非營利組織/藝術團體,北部,4,5,5,3,5,3,4,5,最高,較低,較高,最低,有，以行動或計畫進行,減少包裝材及文宣印製;工作場所、活動展場的節約能源,否,不清楚，需要更多資訊。,願意,,,,,,,,,,,,,,,,,,,,
2023/08/15 8:26:38 下午 GMT+8,校院,中部,3,4,2,3,5,2,3,2,較低,最低,較高,最高,有，以行動或計畫進行,宣導環保,是,會，是淨零時代的所需。,願意,,,,,,,,,,,,,,,,,,,,
2023/08/16 5:35:43 上午 GMT+8,替代空間,南部,4,2,2,4,3,2,4,3,最高,較高,最低,較低,有，以行動或計畫進行,工作場所、活動展場的節約能源,不清楚，需要更多資訊。,會，是淨零時代的所需。,願意,,,,,,,,,,,,,,,,,,,,
2023/08/16 8:03:05 上午 GMT+8,非營利組織/藝術團體,南部,4,2,2,4,4,2,3,3,最高,較高,較低,最低,有，以行動或計畫進行,使用無毒媒材、再生材料、廢物利用素材等;減少包裝材及文宣印製;工作場所、活動展場的節約能源,是,會，是淨零時代的所需。,願意,,,,,,,,,,,,,,,,,,,,
2023/08/16 10:48:57 下午 GMT+8,工作室,北部,1,3,1,4,4,3,3,3,最高,較低,最低,較高,不清楚,減少包裝材及文宣印製,是,會，是淨零時代的所需。,願意,50坪以下,2～5人,電風扇,自然通風,冷氣機,自然通風,8000,800,1200,非桶裝,0,1000,1200,70,0,0,0,0,0,0
2023/08/17 11:43:07 上午 GMT+8,非營利組織/藝術團體,中部,4,3,3,4,5,2,3,3,較高,最高,最低,較低,有，以行動或計畫進行,使用無毒媒材、再生材料、廢物利用素材等;減少包裝材及文宣印製;工作場所、活動展場的節約能源;選擇符合永續精神的活動場地,是,會，是淨零時代的所需。,願意,,,,,,,,,,,,,,,,,,,,
2023/08/17 6:49:32 下午 GMT+8,工作室,北部,2,4,3,2,4,2,3,2,較低,最高,較高,最低,沒有,減少包裝材及文宣印製,不清楚，需要更多資訊。,不會，藝文預算不會受藝術永續與否影響。,願意,,,,,,,,,,,,,,,,,,,,
2023/08/18 10:14:48 下午 GMT+8,美術館,北部,3,1,2,2,2,3,2,1,最高,較高,較低,最低,不清楚,沒有,否,不會，藝文預算不會受藝術永續與否影響。,願意,10000坪以上,51人以上,中央空調,冷氣機,自然通風,電風扇,,,,,,,,,,,,,,
2023/08/19 2:31:53 下午 GMT+8,非營利組織/藝術團體,北部,3,4,4,4,4,3,4,4,最高,較低,較高,最低,沒有,使用無毒媒材、再生材料、廢物利用素材等;減少包裝材及文宣印製;工作場所、活動展場的節約能源;選擇符合永續精神的活動場地,是,不會，藝文預算不會受藝術永續與否影響。,願意,50坪以下,2～5人,中央空調,冷氣機,電風扇,自然通風,10000,300,0,0,0,0,0,0,500,0,0,0,0,0
2023/08/19 8:36:40 下午 GMT+8,非營利組織/藝術團體,北部,4,3,2,3,4,2,3,2,較高,較低,最低,最高,有，以行動或計畫進行,工作場所、活動展場的節約能源,是,會，是淨零時代的所需。,願意,,,,,,,,,,,,,,,,,,,,
2023/08/20 11:20:48 下午 GMT+8,替代空間,南部,4,3,2,2,4,2,3,3,最高,較高,最低,較低,有，以行動或計畫進行,減少包裝材及文宣印製,不清楚，需要更多資訊。,不會，藝文預算不會受藝術永續與否影響。,願意,,,,,,,,,,,,,,,,,,,,
2023/08/21 8:22:55 上午 GMT+8,美術館,北部,3,3,3,4,4,4,3,3,較高,最高,較低,最低,有，設置專門的永續部門處理;有，以行動或計畫進行;有，制定藝術永續推動章程,工作場所、活動展場的節約能源;減少商務差旅,是,會，是淨零時代的所需。,願意,,,,,,,,,,,,,,,,,,,,
2023/08/21 3:22:59 下午 GMT+8,美術館,北部,3,2,3,4,5,4,2,3,最高,較高,較低,最低,有，以行動或計畫進行,使用無毒媒材、再生材料、廢物利用素材等;減少包裝材及文宣印製;工作場所、活動展場的節約能源;用海運或陸運取代空運;選擇符合永續精神的活動場地,否,不清楚，需要更多資訊。,願意,50坪~100坪,6~10人,中央空調,,,,,,,,,,,,,,,,,
2023/08/23 7:00:07 上午 GMT+8,工作室,北部,4,3,3,4,4,4,3,3,較高,較低,最低,最高,有，以行動或計畫進行,使用無毒媒材、再生材料、廢物利用素材等;減少包裝材及文宣印製,是,會，是淨零時代的所需。,願意,,,,,,,,,,,,,,,,,,,,
2023/08/23 7:12:58 上午 GMT+8,工作室,北部,2,4,4,4,5,4,4,3,最高,較低,最低,較高,有，以行動或計畫進行,使用無毒媒材、再生材料、廢物利用素材等;減少包裝材及文宣印製;選擇符合永續精神的活動場地,不清楚，需要更多資訊。,不清楚，需要更多資訊。,願意,50坪~100坪,1人,,自然通風;冷氣機,電風扇,中央空調,非營業用 6208,171,0,0,1000,1500,800,800,500,6000,0,0,0,0
2023/08/23 10:52:49 下午 GMT+8,工作室,北部,5,3,3,5,5,5,3,3,最高,較高,最低,較低,沒有,減少包裝材及文宣印製;工作場所、活動展場的節約能源;減少商務差旅,不清楚，需要更多資訊。,會，是淨零時代的所需。,願意,50坪以下,1人,電風扇,自然通風,,,,,,,0,0,0,0,0,300,,,0,0
2023/08/24 12:01:54 下午 GMT+8,替代空間,東部,3,3,3,5,5,3,3,2,較高,最高,最低,較低,有，以行動或計畫進行,使用無毒媒材、再生材料、廢物利用素材等;減少包裝材及文宣印製;工作場所、活動展場的節約能源,不清楚，需要更多資訊。,不清楚，需要更多資訊。,願意,,,,,,,,,,,,,,,,,,,,
2023/08/24 3:37:48 下午 GMT+8,工作室,東部,4,2,2,3,4,3,2,2,最高,較低,最低,較高,沒有,減少包裝材及文宣印製,不清楚，需要更多資訊。,不清楚，需要更多資訊。,願意,,,,,,,,,,,,,,,,,,,,
2023/08/24 6:32:06 下午 GMT+8,工作室,中部,4,2,3,2,4,2,3,3,較高,較低,最低,最高,有，以行動或計畫進行,使用無毒媒材、再生材料、廢物利用素材等;減少包裝材及文宣印製,是,不會，藝文預算不會受藝術永續與否影響。,願意,,,,,,,,,,,,,,,,,,,,
2023/08/25 3:22:38 下午 GMT+8,非營利組織/藝術團體,北部,3,3,3,2,1,1,3,1,較高,最高,最低,較低,有，設置專門的永續部門處理;有，以行動或計畫進行,沒有,否,不會，藝文預算不會受藝術永續與否影響。,不願意,100坪~1000坪,51人以上,中央空調,,,,3000,200,300,0,0,0,0,0,0,130,0,1200,650000,0
2023/08/25 10:48:19 下午 GMT+8,工作室,北部,3,3,2,3,3,2,3,3,最低,最高,較低,較高,沒有,減少包裝材及文宣印製;工作場所、活動展場的節約能源,否,不清楚，需要更多資訊。,願意,50坪以下,1人,自然通風,,電風扇;冷氣機,中央空調,1000(非營業用),300,500,無,0,0,0,0,0,3000,0,0,台灣/紐約/1,0
2023/08/26 4:56:10 下午 GMT+8,替代空間,北部,4,3,4,5,2,2,2,3,最低,較低,較高,最高,沒有,使用無毒媒材、再生材料、廢物利用素材等;減少包裝材及文宣印製;選擇符合永續精神的活動場地,否,會，是淨零時代的所需。,願意,50坪以下,1人,電風扇,冷氣機,自然通風,中央空調,199,52,0,0,5000,1250,500,0,2000,9,0,0,0,0
2023/08/26 6:08:32 下午 GMT+8,校院,北部,4,4,4,4,3,3,5,5,最低,較低,最高,較高,沒有,使用無毒媒材、再生材料、廢物利用素材等;用海運或陸運取代空運,是,會，是淨零時代的所需。,願意,50坪以下,6~10人,冷氣機,,,,,,,,,,,,,,,,,
2023/08/26 6:09:16 下午 GMT+8,非營利組織/藝術團體,北部,3,5,5,5,5,5,1,5,最低,較低,較高,最高,有，以行動或計畫進行,使用無毒媒材、再生材料、廢物利用素材等;減少包裝材及文宣印製,是,會，是淨零時代的所需。,願意,50坪以下,6~10人,中央空調,中央空調,電風扇;中央空調,自然通風,,,,,,,,,,,,,,
2023/08/27 6:46:15 上午 GMT+8,替代空間,南部,4,2,2,3,4,2,4,2,較高,較低,最高,最低,不清楚,工作場所、活動展場的節約能源;減少商務差旅,是,會，是淨零時代的所需。,願意,,,,,,,,,,,,,,,,,,,,
2023/08/27 6:47:35 上午 GMT+8,替代空間,東部,4,3,4,4,5,2,3,2,最高,較高,較低,最低,有，以行動或計畫進行,使用無毒媒材、再生材料、廢物利用素材等,不清楚，需要更多資訊。,不清楚，需要更多資訊。,願意,,,,,,,,,,,,,,,,,,,,
2023/08/27 9:41:10 上午 GMT+8,替代空間,北部,4,4,4,3,3,3,3,1,較低,較高,最高,最低,不清楚,使用無毒媒材、再生材料、廢物利用素材等,是,不會，藝文預算不會受藝術永續與否影響。,願意,,,,,,,,,,,,,,,,,,,,
2023/08/27 9:42:41 上午 GMT+8,校院,中部,2,3,2,3,5,2,3,2,最高,較高,最低,較低,有，以行動或計畫進行,宣導觀念,是,會，是淨零時代的所需。,願意,,,,,,,,,,,,,,,,,,,,
2023/08/27 9:43:59 上午 GMT+8,美術館,南部,5,4,4,4,5,4,3,3,較高,最高,最低,較低,有，設置專門的永續部門處理;有，以行動或計畫進行;有，制定藝術永續推動章程,減少商務差旅;選擇符合永續精神的活動場地,否,會，是淨零時代的所需。,願意,,,,,,,,,,,,,,,,,,,,
2023/08/27 9:45:23 上午 GMT+8,工作室,東部,2,3,2,4,4,2,2,2,最低,最高,較低,較高,有，以行動或計畫進行,使用無毒媒材、再生材料、廢物利用素材等;減少包裝材及文宣印製;工作場所、活動展場的節約能源,是,不會，藝文預算不會受藝術永續與否影響。,願意,,,,,,,,,,,,,,,,,,,,
2023/08/27 9:46:36 上午 GMT+8,非營利組織/藝術團體,南部,4,3,4,4,4,3,3,1,較低,最高,較高,最低,有，以行動或計畫進行,使用無毒媒材、再生材料、廢物利用素材等;減少包裝材及文宣印製;工作場所、活動展場的節約能源;減少商務差旅,不清楚，需要更多資訊。,會，是淨零時代的所需。,願意,,,,,,,,,,,,,,,,,,,,
2023/08/27 9:48:57 上午 GMT+8,替代空間,東部,5,4,4,4,5,2,3,1,最低,較高,最高,較低,有，以行動或計畫進行,使用無毒媒材、再生材料、廢物利用素材等;減少商務差旅,是,不清楚，需要更多資訊。,願意,,,,,,,,,,,,,,,,,,,,
2023/08/27 9:51:40 上午 GMT+8,工作室,北部,2,4,3,3,5,1,3,1,較低,最高,最低,較高,看自己的心情,工作場所、活動展場的節約能源;不是不想換，材料太貴了！,不清楚，需要更多資訊。,不清楚，需要更多資訊。,願意,,,,,,,,,,,,,,,,,,,,
2023/08/27 10:33:25 上午 GMT+8,美術館,南部,5,4,4,4,5,3,4,2,最高,較低,最低,較高,有，設置專門的永續部門處理;有，以行動或計畫進行,減少包裝材及文宣印製;共乘、推出永續相關的展覽,否,會，是淨零時代的所需。,願意,,,,,,,,,,,,,,,,,,,,
2023/08/27 10:35:03 上午 GMT+8,替代空間,南部,4,3,3,4,4,3,3,2,最低,最高,較高,較低,有，以行動或計畫進行,使用無毒媒材、再生材料、廢物利用素材等;減少包裝材及文宣印製,是,不清楚，需要更多資訊。,願意,,,,,,,,,,,,,,,,,,,,
2023/08/27 10:37:47 上午 GMT+8,校院,北部,4,4,4,4,4,4,4,3,較低,較高,最低,最高,有，設置專門的永續部門處理;有，以行動或計畫進行,在課程中介紹永續,是,會，是淨零時代的所需。,願意,,,,,,,,,,,,,,,,,,,,
2023/08/27 10:39:45 上午 GMT+8,工作室,南部,3,4,3,3,5,2,4,2,較低,最高,最低,較高,有，以行動或計畫進行,使用無毒媒材、再生材料、廢物利用素材等;減少包裝材及文宣印製;工作場所、活動展場的節約能源;減少商務差旅;以環保為主題創作，算嗎？,不清楚，需要更多資訊。,不清楚，需要更多資訊。,願意,,,,,,,,,,,,,,,,,,,,
2023/08/27 10:41:19 上午 GMT+8,替代空間,東部,5,4,2,3,5,2,4,2,最低,較高,最高,較低,有，以行動或計畫進行,使用無毒媒材、再生材料、廢物利用素材等;線上會議,不清楚，需要更多資訊。,不會，藝文預算不會受藝術永續與否影響。,願意,,,,,,,,,,,,,,,,,,,,
2023/08/27 10:51:41 上午 GMT+8,藝術園區,南部,5,3,2,4,5,3,3,2,最高,較高,最低,較低,有，以行動或計畫進行,邀請有環境意識的藝文人士,否,會，是淨零時代的所需。,願意,,,,,,,,,,,,,,,,,,,,
2023/08/27 1:02:05 下午 GMT+8,替代空間,南部,5,4,2,3,4,2,4,2,最高,較低,最低,較高,沒有,以創作為主，不想被環保限制創意,否,不會，藝文預算不會受藝術永續與否影響。,不願意,,,,,,,,,,,,,,,,,,,,
2023/08/27 1:04:24 下午 GMT+8,藝術園區,東部,4,4,4,4,4,4,4,4,最高,較高,最低,較低,有，以行動或計畫進行,減少包裝材及文宣印製;網路DM跟數位宣傳,是,會，是淨零時代的所需。,願意,,,,,,,,,,,,,,,,,,,,
2023/08/27 1:05:56 下午 GMT+8,非營利組織/藝術團體,北部,5,4,4,4,5,3,4,3,較低,最高,最低,較高,有，以行動或計畫進行,減少商務差旅,是,會，是淨零時代的所需。,願意,,,,,,,,,,,,,,,,,,,,
2023/08/27 1:08:43 下午 GMT+8,工作室,北部,2,4,4,4,5,3,3,2,最低,最高,較高,較低,一人工作室，夠節能了吧,沒有;一個人碳排很少了，沒有更環保的誘因,否,不會，藝文預算不會受藝術永續與否影響。,不願意,,,,,,,,,,,,,,,,,,,,
2023/08/27 2:20:14 下午 GMT+8,美術館,南部,4,3,3,3,4,3,2,2,較低,最高,最低,較高,不清楚,工作場所、活動展場的節約能源,是,會，是淨零時代的所需。,願意,,,,,,,,,,,,,,,,,,,,
2023/08/27 2:46:00 下午 GMT+8,美術館,南部,4,3,3,3,4,3,2,2,最高,較低,最低,較高,有，設置專門的永續部門處理,業務範圍中沒有減碳的要求，環保是個人選擇,是,會，是淨零時代的所需。,願意,,,,,,,,,,,,,,,,,,,,
2023/08/27 2:48:58 下午 GMT+8,工作室,北部,2,2,2,2,5,1,2,2,最低,最高,較高,較低,日常做起，用環保袋環保餐具,沒有固定，看心情,不清楚，需要更多資訊。,會，是淨零時代的所需。,願意,,,,,,,,,,,,,,,,,,,,
2023/08/27 3:08:15 下午 GMT+8,替代空間,南部,4,3,3,4,4,4,3,2,最低,最高,較高,較低,沒有強制，互相提醒要愛地球而已,開會辦活動都不用免洗餐具,是,會，是淨零時代的所需。,願意,,,,,,,,,,,,,,,,,,,,
2023/08/27 4:04:28 下午 GMT+8,美術館,北部,5,3,3,5,5,3,3,3,最高,較低,最低,較高,有，設置專門的永續部門處理,配合主管機關政策,否,會，是淨零時代的所需。,願意,,,,,,,,,,,,,,,,,,,,
2023/08/27 4:06:35 下午 GMT+8,美術館,南部,5,3,5,5,5,5,3,3,較高,較低,最低,最高,有，設置專門的永續部門處理,規劃環保主題的活動,否,會，是淨零時代的所需。,願意,,,,,,,,,,,,,,,,,,,,
2023/08/27 6:54:33 下午 GMT+8,非營利組織/藝術團體,北部,4,4,4,4,4,3,4,2,較低,最高,最低,較高,有，以行動或計畫進行,選擇符合永續精神的活動場地,是,會，是淨零時代的所需。,願意,,,,,,,,,,,,,,,,,,,,
2023/08/27 6:57:14 下午 GMT+8,校院,中部,3,4,3,3,5,3,3,2,較低,較高,最低,最高,不清楚,改搭大眾運輸,是,會，是淨零時代的所需。,願意,,,,,,,,,,,,,,,,,,,,
2023/08/27 6:58:29 下午 GMT+8,替代空間,南部,5,3,4,4,4,3,3,2,較高,較低,最低,最高,有，以行動或計畫進行,使用無毒媒材、再生材料、廢物利用素材等;減少包裝材及文宣印製,是,會，是淨零時代的所需。,願意,,,,,,,,,,,,,,,,,,,,
2023/08/27 7:35:31 下午 GMT+8,美術館,南部,2,4,3,3,4,4,2,3,較高,最高,較低,最低,沒有,減少包裝材及文宣印製,不清楚，需要更多資訊。,不清楚，需要更多資訊。,願意,1000坪~5000坪,21~50人,冷氣機,中央空調,電風扇,自然通風,,,,,,,,,,,,,,
2023/08/27 7:38:59 下午 GMT+8,工作室,北部,2,3,3,3,5,2,3,2,較高,較低,最低,最高,呼籲環保,減少一次性用具,是,會，是淨零時代的所需。,願意,,,,,,,,,,,,,,,,,,,,
2023/08/27 7:40:47 下午 GMT+8,替代空間,東部,5,4,4,4,5,2,4,1,最低,較低,最高,較高,在創作裡表現,使用無毒媒材、再生材料、廢物利用素材等,否,會，是淨零時代的所需。,願意,,,,,,,,,,,,,,,,,,,,
2023/08/27 7:56:52 下午 GMT+8,美術館,北部,5,3,4,4,4,3,2,2,最高,較低,最低,較高,有，以行動或計畫進行,數位宣傳,是,會，是淨零時代的所需。,願意,,,,,,,,,,,,,,,,,,,,
2023/08/27 7:58:17 下午 GMT+8,替代空間,南部,5,3,4,4,4,2,3,2,較高,最高,最低,較低,有，以行動或計畫進行,工作場所、活動展場的節約能源,是,會，是淨零時代的所需。,願意,,,,,,,,,,,,,,,,,,,,
2023/08/27 8:02:41 下午 GMT+8,工作室,北部,2,3,2,2,3,2,2,2,最低,最高,較高,較低,偶爾,視訊,是,不清楚，需要更多資訊。,願意,,,,,,,,,,,,,,,,,,,,
2023/08/27 8:04:43 下午 GMT+8,藝術園區,南部,4,3,3,4,4,2,2,2,較低,較高,最低,最高,有負責人,上面那些都不是我能決定的,不清楚，需要更多資訊。,會，是淨零時代的所需。,願意,,,,,,,,,,,,,,,,,,,,
2023/08/27 8:07:15 下午 GMT+8,替代空間,南部,5,4,4,4,5,1,2,1,最高,較高,最低,較低,策主題展,用Podcast宣導減碳,是,會，是淨零時代的所需。,願意,,,,,,,,,,,,,,,,,,,,
2023/08/27 8:08:19 下午 GMT+8,美術館,北部,5,4,4,4,5,2,3,1,最高,較低,最低,較高,有，設置專門的永續部門處理;有，制定藝術永續推動章程,工作場所、活動展場的節約能源,否,會，是淨零時代的所需。,願意,,,,,,,,,,,,,,,,,,,,
2023/08/27 8:09:33 下午 GMT+8,工作室,東部,1,1,1,1,5,1,1,1,較低,最低,最高,較高,沒有,使用無毒媒材、再生材料、廢物利用素材等,否,不會，藝文預算不會受藝術永續與否影響。,願意,,,,,,,,,,,,,,,,,,,,
2023/08/27 8:13:07 下午 GMT+8,替代空間,南部,4,4,5,5,5,3,4,2,較低,最低,較高,最高,工作處沒有強制，主要看個人,多走路騎單車,否,會，是淨零時代的所需。,願意,,,,,,,,,,,,,,,,,,,,
2023/08/27 8:15:00 下午 GMT+8,美術館,南部,5,4,4,3,5,2,3,1,最高,較低,最低,較高,有，制定藝術永續推動章程,無紙化,是,會，是淨零時代的所需。,願意,,,,,,,,,,,,,,,,,,,,
2023/08/27 8:16:16 下午 GMT+8,藝術園區,北部,5,4,1,2,5,2,3,2,最高,較低,最低,較高,有，制定藝術永續推動章程,大眾運輸,不清楚，需要更多資訊。,會，是淨零時代的所需。,願意,,,,,,,,,,,,,,,,,,,,
2023/08/27 8:18:12 下午 GMT+8,替代空間,南部,5,4,3,5,5,1,1,1,最高,較高,最低,較低,沒有,減少包裝材及文宣印製,是,會，是淨零時代的所需。,願意,,,,,,,,,,,,,,,,,,,,
2023/08/27 8:23:09 下午 GMT+8,工作室,北部,1,3,2,5,5,1,1,1,最低,較高,最高,較低,沒有;如果有獎補助就會做,藝術家為創意創作而生，不是減碳,不清楚，需要更多資訊。,不會，藝文預算不會受藝術永續與否影響。,不願意,,,,,,,,,,,,,,,,,,,,
2023/08/27 8:25:21 下午 GMT+8,美術館,北部,5,4,4,4,4,3,3,2,最高,較低,最低,較高,不清楚;柔性宣導而已,自己不會主動做，但如果上面有要求，就會配合,是,會，是淨零時代的所需。,願意,,,,,,,,,,,,,,,,,,,,
2023/08/27 8:28:34 下午 GMT+8,美術館,南部,5,3,2,5,5,3,2,2,最高,較低,最低,較高,不清楚,沒有;如果對員工開設宣導課程，會對減碳更有概念,是,會，是淨零時代的所需。,願意,,,,,,,,,,,,,,,,,,,,
2023/08/27 8:29:43 下午 GMT+8,替代空間,中部,4,4,2,5,5,1,2,2,最低,較低,較高,最高,有，以行動或計畫進行,使用無毒媒材、再生材料、廢物利用素材等;減少包裝材及文宣印製,是,會，是淨零時代的所需。,願意,,,,,,,,,,,,,,,,,,,,
2023/08/27 8:38:52 下午 GMT+8,美術館,中部,5,2,2,4,4,2,2,2,最高,較低,最低,較高,不清楚,減少包裝材及文宣印製,是,會，是淨零時代的所需。,願意,,,,,,,,,,,,,,,,,,,,
2023/08/27 8:40:02 下午 GMT+8,替代空間,中部,5,3,3,4,4,2,2,2,最低,較低,較高,最高,不清楚,使用無毒媒材、再生材料、廢物利用素材等,不清楚，需要更多資訊。,會，是淨零時代的所需。,願意,,,,,,,,,,,,,,,,,,,,
2023/08/27 8:41:50 下午 GMT+8,工作室,北部,1,2,2,4,4,1,2,2,最低,最高,較高,較低,有，以行動或計畫進行,減少包裝材及文宣印製;改用無毒材料成本太高,否,不會，藝文預算不會受藝術永續與否影響。,願意,,,,,,,,,,,,,,,,,,,,
2023/08/28 7:13:35 上午 GMT+8,工作室,東部,2,3,3,5,5,2,3,1,最低,較低,最高,較高,沒有,使用無毒媒材、再生材料、廢物利用素材等,否,會，是淨零時代的所需。,不願意,,,,,,,,,,,,,,,,,,,,
2023/08/28 7:36:25 上午 GMT+8,美術館,南部,5,3,3,4,4,2,2,1,最高,較低,最低,較高,有，制定藝術永續推動章程,個人業務上沒有什麼決定權,是,會，是淨零時代的所需。,願意,,,,,,,,,,,,,,,,,,,,
2023/08/28 7:39:12 上午 GMT+8,工作室,北部,2,3,4,5,5,2,3,1,最低,最高,較低,較高,不清楚;需要有教育訓或或獎補助才能提高對永續的認識,使用無毒媒材、再生材料、廢物利用素材等;減少包裝材及文宣印製,否,不會，藝文預算不會受藝術永續與否影響。,願意,,,,,,,,,,,,,,,,,,,,
2023/08/28 9:01:53 下午 GMT+8,非營利組織/藝術團體,北部,4,4,4,4,4,3,2,2,最高,較低,最低,較高,有，以行動或計畫進行,使用無毒媒材、再生材料、廢物利用素材等;減少包裝材及文宣印製;工作場所、活動展場的節約能源;選擇符合永續精神的活動場地,是,不清楚，需要更多資訊。,願意,,,,,,,,,,,,,,,,,,,,
2023/08/29 8:35:02 上午 GMT+8,藝術園區,南部,4,4,4,4,4,3,2,2,最高,較低,較高,最低,不清楚,工作場所、活動展場的節約能源,是,會，是淨零時代的所需。,願意,,,,,,,,,,,,,,,,,,,,
2023/08/29 2:29:58 下午 GMT+8,工作室,北部,1,2,2,3,4,3,2,3,較低,較高,最低,最高,沒有;不清楚,減少包裝材及文宣印製;工作場所、活動展場的節約能源;減少商務差旅,否,不清楚，需要更多資訊。,願意,50坪以下,1人,電風扇,自然通風,冷氣機,中央空調,700,200,0,0,2800,0,300,60,400,5000,0,0,0,0
2023/08/29 2:32:07 下午 GMT+8,工作室,北部,1,3,2,2,5,3,1,2,最高,較低,最低,較高,沒有,使用無毒媒材、再生材料、廢物利用素材等;減少包裝材及文宣印製;工作場所、活動展場的節約能源;減少商務差旅;用海運或陸運取代空運;選擇符合永續精神的活動場地,是,不清楚，需要更多資訊。,願意,50坪~100坪,2～5人,自然通風,,,電風扇;中央空調;冷氣機,非營業用 500-,500-,700,6公升,,0,100,1000,150,300,0,0,0,0
2023/08/29 6:58:02 下午 GMT+8,工作室,北部,2,3,3,3,4,2,3,2,較低,最低,最高,較高,沒有,工作場所、活動展場的節約能源,不清楚，需要更多資訊。,會，是淨零時代的所需。,願意,50坪以下,1人,自然通風;電風扇,,冷氣機,中央空調,大約700。非營業用,大約400,100,0,0,0,0,0,0,1000,0,0,0,0
2023/08/29 7:29:44 下午 GMT+8,校院,北部,2,1,3,4,5,3,3,3,最低,較低,較高,最高,有，以行動或計畫進行,使用無毒媒材、再生材料、廢物利用素材等;減少包裝材及文宣印製;選擇符合永續精神的活動場地,是,不清楚，需要更多資訊。,不願意,100坪~1000坪,51人以上,自然通風,電風扇,冷氣機,中央空調,學校交的,學校交的,學校交的,學校交的,學校才有資料,學校才有資料,學校才有資料,學校才有資料,學校才有資料,學校才有資料,學校才有資料,學校才有資料,學校才有資料,學校才有資料
2023/08/29 7:36:09 下午 GMT+8,工作室,北部,2,3,2,3,5,2,3,2,較高,最高,較低,最低,沒有,減少包裝材及文宣印製,不清楚，需要更多資訊。,不清楚，需要更多資訊。,願意,50坪以下,2～5人,電風扇;冷氣機,自然通風,,中央空調,880,380,200,0,2000,1000,0,0,1000,2000,0,0,0,0
2023/08/29 7:41:44 下午 GMT+8,工作室,北部,2,4,4,4,4,4,3,2,最高,較高,較低,最低,有，以行動或計畫進行,減少包裝材及文宣印製,是,會，是淨零時代的所需。,願意,50坪~100坪,2～5人,自然通風,冷氣機,電風扇,中央空調,"2000, 非營業用",1000,0,0,4000,0,0,0,0,3000,0,0,0,0
2023/08/29 7:47:48 下午 GMT+8,公家機關,北部,3,3,4,3,5,5,2,3,最低,較低,較高,最高,沒有,減少包裝材及文宣印製;工作場所、活動展場的節約能源,是,不清楚，需要更多資訊。,願意,100坪~1000坪,51人以上,中央空調,冷氣機,電風扇,自然通風,,,,,,,,,,,,,,
2023/08/29 7:55:50 下午 GMT+8,替代空間,中部,1,3,3,3,4,5,3,4,較高,最低,較低,最高,沒有,使用無毒媒材、再生材料、廢物利用素材等,是,會，是淨零時代的所需。,願意,10000坪以上,51人以上,冷氣機,中央空調,電風扇,自然通風,872(營業用）,100,500,10公升/兩個月,700/月,200/月,100/月,100/月,0,1000,0,599,0,0
2023/08/29 8:04:39 下午 GMT+8,替代空間,北部,4,2,3,5,5,5,1,3,最高,較高,最低,較低,沒有,使用無毒媒材、再生材料、廢物利用素材等;減少包裝材及文宣印製,是,不清楚，需要更多資訊。,願意,100坪~1000坪,6~10人,中央空調,冷氣機,自然通風;電風扇,,營業用，約五萬多元,約三千多元,無,無,無,無,1000/月,無,800/月,無,無,無,無,無
2023/08/29 8:18:11 下午 GMT+8,工作室,北部,3,2,3,4,3,3,1,3,最低,最高,較低,較高,沒有;不清楚,使用無毒媒材、再生材料、廢物利用素材等;減少包裝材及文宣印製;選擇符合永續精神的活動場地,是,會，是淨零時代的所需。,願意,50坪以下,1人,冷氣機,電風扇,中央空調,自然通風,"860,非營業",355,457,nil,2000,300,500,200,400,nil,nil,nil,nil,200
2023/08/29 8:25:26 下午 GMT+8,替代空間,北部,4,3,4,4,5,2,2,2,最高,較高,最低,較低,有，制定藝術永續推動章程,使用無毒媒材、再生材料、廢物利用素材等;工作場所、活動展場的節約能源;選擇符合永續精神的活動場地,不清楚，需要更多資訊。,會，是淨零時代的所需。,願意,50坪以下,1人,電風扇,自然通風,冷氣機,中央空調,非營業$500,200,0,0,1580,1200，北北基桃台鐵大眾運輸吃到飽,1200吃到飽,1200吃到飽,200,0,0,0,0,0
2023/08/29 8:33:00 下午 GMT+8,工作室,北部,2,2,2,4,5,2,1,1,最高,較低,最低,較高,沒有,減少包裝材及文宣印製;工作場所、活動展場的節約能源,是,會，是淨零時代的所需。,願意,50坪以下,2～5人,電風扇;冷氣機,自然通風,,中央空調,1599，非營業,438,109,0,3000,0,300,0,0,600,0,0,0,0
2023/08/30 1:33:47 上午 GMT+8,校院,南部,3,1,2,3,4,3,3,3,最高,較高,較低,最低,沒有,使用無毒媒材、再生材料、廢物利用素材等;減少包裝材及文宣印製,不清楚，需要更多資訊。,不清楚，需要更多資訊。,願意,,51人以上,冷氣機,電風扇,自然通風,中央空調,,,,,,,,,,,,,,
2023/08/30 5:43:29 下午 GMT+8,替代空間,北部,2,2,2,4,5,3,1,1,較低,最高,較高,最低,不清楚,減少包裝材及文宣印製,不清楚，需要更多資訊。,會，是淨零時代的所需。,願意,50坪以下,2～5人,電風扇,冷氣機,自然通風,中央空調,1233，非營業用,566,148,0,0,0,500,100,0,2000,0,0,0,0
2023/09/01 7:22:18 上午 GMT+8,工作室,中部,2,3,3,4,4,3,2,2,最高,較高,最低,較低,有，以行動或計畫進行,減少包裝材及文宣印製,是,會，是淨零時代的所需。,願意,,,,,,,,,,,,,,,,,,,,
2023/09/01 7:27:38 上午 GMT+8,替代空間,中部,3,3,3,4,4,3,2,2,最高,較低,最低,較高,有，以行動或計畫進行,工作場所、活動展場的節約能源,不清楚，需要更多資訊。,會，是淨零時代的所需。,願意,50坪~100坪,2～5人,電風扇,冷氣機,自然通風,中央空調,2351，營業用,655,0,0,0,0,0,0,0,4000,0,0,0,0
2023/09/01 6:48:35 下午 GMT+8,工作室,北部,2,3,4,4,5,5,3,4,最高,較低,較高,最低,有，以行動或計畫進行;有，制定藝術永續推動章程,使用無毒媒材、再生材料、廢物利用素材等;減少包裝材及文宣印製;工作場所、活動展場的節約能源;選擇符合永續精神的活動場地,否,會，是淨零時代的所需。,願意,50坪~100坪,1人,電風扇,自然通風;冷氣機,,中央空調,4929 非營業用,420,,,,,250,125,,"6,600",,,,
2023/09/04 8:08:59 上午 GMT+8,工作室,北部,3,3,3,4,4,3,1,1,最高,較高,最低,較低,沒有,沒有,不清楚，需要更多資訊。,不清楚，需要更多資訊。,願意,,,,,,,,,,,,,,,,,,,,
2023/09/04 8:12:30 上午 GMT+8,替代空間,北部,4,3,2,4,5,3,2,1,最高,較低,最低,較高,有，以行動或計畫進行,減少商務差旅,是,會，是淨零時代的所需。,願意,50坪~100坪,2～5人,電風扇,自然通風,冷氣機,中央空調,1697，營業用,838,0,0,4000,0,500,9,0,3000,0,0,0,0
2023/09/04 8:15:37 上午 GMT+8,工作室,北部,3,2,3,4,5,3,3,3,較高,最低,最高,較低,有，以行動或計畫進行,減少包裝材及文宣印製,是,會，是淨零時代的所需。,願意,50坪以下,1人,冷氣機,電風扇,自然通風,中央空調,984，非營業用,337,103,0,1500,1000,200,200,0,500,0,0,0,0
2023/09/04 8:16:39 上午 GMT+8,非營利組織/藝術團體,北部,4,3,3,4,5,3,3,2,較高,較低,最低,最高,有，以行動或計畫進行,使用無毒媒材、再生材料、廢物利用素材等;減少包裝材及文宣印製,是,會，是淨零時代的所需。,願意,,,,,,,,,,,,,,,,,,,,
2023/09/04 8:19:48 上午 GMT+8,非營利組織/藝術團體,南部,4,3,3,5,5,3,2,2,較高,較低,最低,最高,有，以行動或計畫進行;有，制定藝術永續推動章程,使用無毒媒材、再生材料、廢物利用素材等;減少包裝材及文宣印製;工作場所、活動展場的節約能源;減少商務差旅,是,會，是淨零時代的所需。,願意,100坪~1000坪,2～5人,電風扇;冷氣機,自然通風,,中央空調,"2002,營業用",870,700,0,5000,3000,1000,1000,500,2000,0,0,0,0
2023/09/04 8:36:02 上午 GMT+8,工作室,中部,3,2,2,5,5,3,2,2,較低,最高,較高,最低,有，以行動或計畫進行,減少包裝材及文宣印製,是,會，是淨零時代的所需。,願意,50坪以下,2～5人,自然通風;電風扇;冷氣機,,,中央空調,"989,非營業用",546,100,0,2000,1000,0,0,0,1500,0,0,0,0
2023/09/04 8:38:48 上午 GMT+8,替代空間,南部,4,3,3,4,5,3,2,2,最高,最低,較低,較高,有，以行動或計畫進行,工作場所、活動展場的節約能源,是,會，是淨零時代的所需。,願意,100坪~1000坪,2～5人,自然通風;電風扇;冷氣機,,,中央空調,"2000,營業用",1000,400,0,5000,2000,0,0,0,1000,0,0,0,0
2023/09/04 8:41:29 上午 GMT+8,美術館,北部,4,3,4,5,5,3,3,2,最高,較低,最低,較高,有，設置專門的永續部門處理;有，制定藝術永續推動章程,減少商務差旅,是,會，是淨零時代的所需。,願意,100坪~1000坪,11~20人,中央空調,冷氣機,,自然通風;電風扇,不清楚,不清楚,不清楚,不清楚,不清楚,不清楚,不清楚,不清楚,不清楚,不清楚,不清楚,不清楚,不清楚,不清楚
2023/09/04 8:44:05 上午 GMT+8,藝術園區,東部,4,3,4,5,5,3,3,2,最高,較低,最低,較高,有，制定藝術永續推動章程,工作場所、活動展場的節約能源,是,會，是淨零時代的所需。,願意,100坪~1000坪,11~20人,自然通風;中央空調,,,電風扇;冷氣機,本人非總務,本人非總務,本人非總務,本人非總務,本人非總務,本人非總務,本人非總務,本人非總務,本人非總務,本人非總務,本人非總務,本人非總務,本人非總務,本人非總務
2023/09/04 8:49:05 上午 GMT+8,校院,中部,4,3,3,5,5,3,3,3,最高,較低,最低,較高,不清楚,減少商務差旅;教育推廣,是,會，是淨零時代的所需。,願意,100坪~1000坪,6~10人,自然通風;電風扇;冷氣機,,中央空調,,我是美術老師，沒有學校帳單,同上,同上,同上,同上,同上,同上,同上,同上,同上,同上,同上,同上,同上
2023/09/04 8:52:46 上午 GMT+8,工作室,南部,3,3,3,5,5,3,2,2,較高,最高,最低,較低,有，以行動或計畫進行,使用無毒媒材、再生材料、廢物利用素材等;減少包裝材及文宣印製;工作場所、活動展場的節約能源;減少商務差旅,是,會，是淨零時代的所需。,願意,50坪以下,1人,自然通風;電風扇,冷氣機,,中央空調,980，非營業用,400,100,0,2000,500,0,0,0,1000,0,0,0,0
2023/09/04 8:56:32 上午 GMT+8,替代空間,南部,4,3,3,4,5,3,3,2,較高,較低,最低,最高,有，以行動或計畫進行,減少包裝材及文宣印製;工作場所、活動展場的節約能源,是,會，是淨零時代的所需。,願意,100坪~1000坪,6~10人,冷氣機,電風扇,自然通風,中央空調,"2000,營業用",1000,500,0,5000,1500,0,0,0,3000,0,0,0,0
2023/09/04 10:31:06 上午 GMT+8,工作室,北部,2,2,2,4,4,2,2,2,較低,較高,最高,最低,沒有,使用無毒媒材、再生材料、廢物利用素材等,是,會，是淨零時代的所需。,願意,,,,,,,,,,,,,,,,,,,,
2023/09/04 10:34:41 上午 GMT+8,工作室,北部,3,3,3,5,5,3,2,2,較低,較高,最低,最高,有，以行動或計畫進行,減少包裝材及文宣印製,是,會，是淨零時代的所需。,願意,50坪以下,1人,冷氣機,電風扇,自然通風,中央空調,1500，工作室兼住家，非營業用,600,200,0,3000,200,200,200,500,0,0,0,0,0
2023/09/04 10:52:16 上午 GMT+8,替代空間,北部,4,4,4,5,5,3,3,2,最高,較低,最低,較高,有，以行動或計畫進行,使用無毒媒材、再生材料、廢物利用素材等;減少包裝材及文宣印製;工作場所、活動展場的節約能源,是,會，是淨零時代的所需。,願意,50坪~100坪,2～5人,冷氣機,電風扇,自然通風,中央空調,5000，營業用,1000,600,0,6000,2000,500,200,800,2500,0,0,0,0
2023/09/04 10:54:59 上午 GMT+8,工作室,北部,3,3,2,5,5,3,3,3,較高,較低,最低,最高,有，以行動或計畫進行,使用無毒媒材、再生材料、廢物利用素材等;減少包裝材及文宣印製;工作場所、活動展場的節約能源;減少商務差旅,是,會，是淨零時代的所需。,願意,50坪以下,2～5人,冷氣機,電風扇,,自然通風;中央空調,1500，非營業用,500,150,0,2000,100,500,200,0,1500,0,0,0,0
2023/09/04 10:58:14 上午 GMT+8,美術館,南部,4,3,4,5,5,3,2,2,最高,較低,最低,較高,有，設置專門的永續部門處理;有，以行動或計畫進行;有，制定藝術永續推動章程,減少包裝材及文宣印製,是,會，是淨零時代的所需。,願意,100坪~1000坪,11~20人,中央空調,,,自然通風;電風扇;冷氣機,員工沒有資料,員工沒有資料,員工沒有資料,員工沒有資料,員工沒有資料,員工沒有資料,員工沒有資料,員工沒有資料,員工沒有資料,員工沒有資料,員工沒有資料,員工沒有資料,員工沒有資料,員工沒有資料
2023/09/04 11:41:53 上午 GMT+8,工作室,東部,3,2,2,5,5,2,2,2,最低,較高,較低,最高,沒有,減少商務差旅,否,不會，藝文預算不會受藝術永續與否影響。,不願意,,,,,,,,,,,,,,,,,,,,
2023/09/04 11:47:26 上午 GMT+8,校院,東部,4,2,2,4,4,2,2,2,最高,最低,較低,較高,不清楚,教學,是,會，是淨零時代的所需。,願意,100坪~1000坪,6~10人,自然通風;電風扇,冷氣機,,中央空調,屬於校方資料,屬於校方資料,屬於校方資料,屬於校方資料,我沒有，不知道別人,我1000，不知道別人,我沒有，不知道別人,我沒有，不知道別人,我沒有，不知道別人,我3000，不知道別人,我沒有，不知道別人,我沒有，不知道別人,應該是沒有,應該是沒有
2023/09/04 11:50:44 上午 GMT+8,美術館,北部,4,2,2,5,5,3,2,2,最高,較高,最低,較低,有，設置專門的永續部門處理;有，以行動或計畫進行;有，制定藝術永續推動章程,使用無毒媒材、再生材料、廢物利用素材等;減少包裝材及文宣印製;工作場所、活動展場的節約能源;減少商務差旅,是,會，是淨零時代的所需。,願意,100坪~1000坪,6~10人,中央空調,冷氣機,,自然通風;電風扇,員工沒有館方資料,員工沒有館方資料,員工沒有館方資料,員工沒有館方資料,員工沒有館方資料,員工沒有館方資料,員工沒有館方資料,員工沒有館方資料,員工沒有館方資料,員工沒有館方資料,員工沒有館方資料,員工沒有館方資料,員工沒有館方資料,員工沒有館方資料
2023/09/04 11:57:54 上午 GMT+8,藝術園區,中部,4,2,2,5,5,3,2,2,最高,較高,最低,較低,有，設置專門的永續部門處理;有，以行動或計畫進行;有，制定藝術永續推動章程,減少商務差旅,是,會，是淨零時代的所需。,願意,100坪~1000坪,11~20人,自然通風,冷氣機,電風扇,中央空調,12000，營業用,5000,2000,0,10000,5000,3000,1000,3000,10000,0,0,0,0
2023/09/04 12:01:15 下午 GMT+8,工作室,中部,2,2,2,4,5,3,1,1,較高,最高,最低,較低,有，以行動或計畫進行,使用無毒媒材、再生材料、廢物利用素材等,是,會，是淨零時代的所需。,願意,50坪~100坪,1人,自然通風;電風扇;冷氣機,,,中央空調,1865，營業用,797,483,0,3000,200,500,200,0,1000,0,0,0,0
2023/09/04 12:19:40 下午 GMT+8,非營利組織/藝術團體,南部,4,3,3,5,5,3,3,2,較高,較低,最低,最高,有，設置專門的永續部門處理;有，以行動或計畫進行;有，制定藝術永續推動章程,使用無毒媒材、再生材料、廢物利用素材等;減少包裝材及文宣印製;工作場所、活動展場的節約能源;減少商務差旅;用海運或陸運取代空運;選擇符合永續精神的活動場地,是,會，是淨零時代的所需。,願意,50坪~100坪,6~10人,自然通風;冷氣機,電風扇,中央空調,,2000，營業用,600,400,6,6000,2000,1000,500,0,3000,0,0,0,0
2023/09/04 12:22:08 下午 GMT+8,工作室,北部,2,2,2,5,5,3,2,2,較低,較高,最低,最高,有，以行動或計畫進行,使用無毒媒材、再生材料、廢物利用素材等;減少包裝材及文宣印製;工作場所、活動展場的節約能源;減少商務差旅,是,會，是淨零時代的所需。,願意,50坪以下,1人,電風扇,自然通風,冷氣機,中央空調,800，非營業用,300,150,0,2000,0,300,200,0,1000,0,0,0,0
2023/09/04 12:26:54 下午 GMT+8,工作室,中部,4,4,4,5,5,4,3,2,最高,最低,較低,較高,有，以行動或計畫進行,使用無毒媒材、再生材料、廢物利用素材等;減少包裝材及文宣印製;工作場所、活動展場的節約能源,是,會，是淨零時代的所需。,願意,50坪以下,1人,電風扇,自然通風;冷氣機,,中央空調,1655，非營業用，住家兼工作室，無登記,483,210,0,1500,50,200,100,0,900,0,0,0,0
2023/09/04 12:43:25 下午 GMT+8,替代空間,南部,4,4,4,5,5,3,2,2,最高,最低,較低,較高,有，以行動或計畫進行;有，制定藝術永續推動章程,策劃永續主題展、邀請有環保意識的藝術家,是,會，是淨零時代的所需。,願意,50坪~100坪,6~10人,自然通風,電風扇;冷氣機,,中央空調,4500，營業用,1700,1000,15,6000,1000,500,0,0,1500,0,0,0,0
2023/09/04 12:46:55 下午 GMT+8,工作室,東部,4,3,3,4,4,2,1,1,最低,較高,最高,較低,有，以行動或計畫進行,使用無毒媒材、再生材料、廢物利用素材等,否,不清楚，需要更多資訊。,願意,100坪~1000坪,1人,自然通風;電風扇,,,中央空調;冷氣機,600,200,0,6,0,1000,0,0,0,2000,0,0,0,0
2023/09/04 1:09:24 下午 GMT+8,工作室,中部,4,3,3,5,5,4,2,2,較低,較高,最低,最高,有，以行動或計畫進行,使用無毒媒材、再生材料、廢物利用素材等;減少包裝材及文宣印製,不清楚，需要更多資訊。,會，是淨零時代的所需。,願意,50坪以下,2～5人,電風扇,自然通風,冷氣機,中央空調,900，非營業用,500,0,4,0,1000,500,200,0,1000,0,0,0,0
2023/09/04 1:16:07 下午 GMT+8,校院,南部,4,4,4,5,5,3,3,2,最高,較低,最低,較高,有，以行動或計畫進行,宣導,是,會，是淨零時代的所需。,願意,100坪~1000坪,6~10人,自然通風;電風扇;冷氣機,中央空調,,,不清楚學校支出,不清楚學校支出,不清楚學校支出,不清楚學校支出,不清楚學校支出,不清楚學校支出,不清楚學校支出,不清楚學校支出,不清楚學校支出,不清楚學校支出,不清楚學校支出,不清楚學校支出,不清楚學校支出,不清楚學校支出
2023/09/04 1:20:08 下午 GMT+8,非營利組織/藝術團體,中部,4,4,4,5,5,3,3,3,最高,較低,最低,較高,有，設置專門的永續部門處理;有，以行動或計畫進行;有，制定藝術永續推動章程,使用無毒媒材、再生材料、廢物利用素材等;減少包裝材及文宣印製;工作場所、活動展場的節約能源;減少商務差旅;用海運或陸運取代空運;選擇符合永續精神的活動場地,是,會，是淨零時代的所需。,願意,50坪~100坪,2～5人,自然通風;電風扇;冷氣機,,,中央空調,2000，營業用,800,300,0,4000,100,200,100,0,2500,0,0,0,0
2023/09/04 1:22:30 下午 GMT+8,美術館,北部,5,3,3,5,5,3,3,3,最高,較高,最低,較低,有，設置專門的永續部門處理;有，以行動或計畫進行;有，制定藝術永續推動章程,減少商務差旅,不清楚，需要更多資訊。,會，是淨零時代的所需。,願意,100坪~1000坪,11~20人,中央空調,冷氣機,,自然通風;電風扇,不清楚,不清楚,不清楚,不清楚,不清楚,不清楚,不清楚,不清楚,不清楚,不清楚,不清楚,不清楚,不清楚,不清楚
2023/09/04 1:28:23 下午 GMT+8,畫廊,北部,4,2,2,4,4,2,2,2,最高,較高,最低,較低,有，以行動或計畫進行;邀約,減少包裝材及文宣印製;倡導,否,會，是淨零時代的所需。,願意,50坪~100坪,2～5人,中央空調,冷氣機,電風扇,自然通風,8000，營業用,1500,1000,0,8000,1000,1000,500,2000,4000,0,0,0,0
2023/09/04 1:32:59 下午 GMT+8,工作室,中部,4,3,2,4,5,3,2,2,最高,較高,較低,最低,有，以行動或計畫進行,使用無毒媒材、再生材料、廢物利用素材等;減少包裝材及文宣印製,否,會，是淨零時代的所需。,願意,50坪以下,2～5人,電風扇;冷氣機,自然通風,,中央空調,1812，非營業用,600,233,0,3000,500,500,300,0,1500,0,0,0,0
2023/09/04 2:02:10 下午 GMT+8,工作室,東部,4,3,2,4,5,3,3,2,最低,較低,最高,較高,以創作傳達,使用無毒媒材、再生材料、廢物利用素材等;減少包裝材及文宣印製;工作場所、活動展場的節約能源;減少商務差旅;選擇符合永續精神的活動場地,否,會，是淨零時代的所需。,願意,100坪~1000坪,1人,自然通風;電風扇,,,中央空調;冷氣機,800，非營業用,500,0,4,0,1500,0,0,0,2000,0,0,0,0
2023/09/04 2:06:34 下午 GMT+8,替代空間,東部,4,4,4,4,5,3,3,2,較低,最低,最高,較高,有，以行動或計畫進行,使用無毒媒材、再生材料、廢物利用素材等;減少包裝材及文宣印製;工作場所、活動展場的節約能源,不清楚，需要更多資訊。,不清楚，需要更多資訊。,願意,100坪~1000坪,2～5人,自然通風;電風扇,冷氣機,,中央空調,2000，營業用,465,227,10,0,4000,200,0,0,3000,0,0,0,0
2023/09/04 2:25:40 下午 GMT+8,工作室,中部,2,1,1,4,4,2,1,1,較高,最高,最低,較低,沒有,減少包裝材及文宣印製,是,會，是淨零時代的所需。,願意,50坪以下,1人,電風扇;冷氣機,自然通風,,中央空調,1012，非營業用。住家當工作室,507,239,5,0,2000,200,200,0,500,0,0,0,0
2023/09/04 2:30:01 下午 GMT+8,替代空間,南部,4,3,3,4,5,3,1,1,較高,較低,最低,最高,有，以行動或計畫進行,使用無毒媒材、再生材料、廢物利用素材等;減少包裝材及文宣印製;工作場所、活動展場的節約能源,是,會，是淨零時代的所需。,願意,50坪~100坪,6~10人,自然通風,電風扇,冷氣機,中央空調,5287，營業用,895,455,10,5000,1000,300,0,500,5000,0,0,0,0
2023/09/04 2:36:07 下午 GMT+8,非營利組織/藝術團體,北部,4,3,2,5,5,2,2,2,最高,較低,最低,較高,有，以行動或計畫進行,使用無毒媒材、再生材料、廢物利用素材等;減少包裝材及文宣印製;工作場所、活動展場的節約能源;減少商務差旅;選擇符合永續精神的活動場地,否,會，是淨零時代的所需。,願意,50坪~100坪,2～5人,自然通風;冷氣機,,電風扇,中央空調,4617，營業用,894,449,12,6000,2000,1000,500,1000,8000,0,0,0,0
2023/09/04 5:34:02 下午 GMT+8,工作室,中部,2,2,2,4,4,2,1,2,較高,最高,較低,最低,沒有,減少商務差旅;線上討論跟展覽,是,會，是淨零時代的所需。,願意,50坪~100坪,2～5人,電風扇,自然通風,冷氣機,中央空調,1723，非營業用,524,231,0,2690,675,約500,約300,0,3000,0,0,0,0
2023/09/04 5:38:11 下午 GMT+8,替代空間,中部,3,3,3,4,5,3,2,1,較高,最低,較低,最高,有，以行動或計畫進行,使用無毒媒材、再生材料、廢物利用素材等;減少包裝材及文宣印製;工作場所、活動展場的節約能源;減少商務差旅,是,會，是淨零時代的所需。,願意,100坪~1000坪,6~10人,電風扇,自然通風,冷氣機,中央空調,6000，營業用,1500,800,20,5000,2000,1000,200,200,50000,0,0,0,0
2023/09/04 5:56:32 下午 GMT+8,美術館,北部,4,4,3,5,5,3,2,1,最高,較高,較低,最低,有，設置專門的永續部門處理;有，以行動或計畫進行;有，制定藝術永續推動章程,工作場所、活動展場的節約能源,否,會，是淨零時代的所需。,願意,100坪~1000坪,21~50人,中央空調,冷氣機,電風扇,自然通風,本人無法取得,本人無法取得,本人無法取得,本人無法取得,本人無法取得,本人無法取得,本人無法取得,本人無法取得,本人無法取得,本人無法取得,本人無法取得,本人無法取得,本人無法取得,本人無法取得
2023/09/04 5:59:43 下午 GMT+8,校院,東部,4,4,3,5,5,3,3,1,最高,較高,最低,較低,有，以行動或計畫進行,課堂教學,是,會，是淨零時代的所需。,願意,100坪~1000坪,6~10人,自然通風;電風扇,冷氣機,,中央空調,不清楚學校資料,不清楚學校資料,不清楚學校資料,不清楚學校資料,不清楚學校資料,不清楚學校資料,不清楚學校資料,不清楚學校資料,不清楚學校資料,不清楚學校資料,不清楚學校資料,不清楚學校資料,不清楚學校資料,不清楚學校資料
2023/09/04 7:11:56 下午 GMT+8,工作室,東部,4,3,3,4,5,3,1,1,最低,較低,較高,最高,用創作表現,種花草,不清楚，需要更多資訊。,會，是淨零時代的所需。,願意,100坪~1000坪,2～5人,電風扇,自然通風,冷氣機,中央空調,1100，非營業用,400,120,5.5,0,800,0,0,0,3000,0,0,0,0
2023/09/04 7:20:41 下午 GMT+8,藝術園區,中部,4,3,3,4,5,2,1,1,最高,較高,較低,最低,有，以行動或計畫進行,減少包裝材及文宣印製;工作場所、活動展場的節約能源;減少商務差旅,否,會，是淨零時代的所需。,願意,100坪~1000坪,21~50人,自然通風,中央空調,電風扇;冷氣機,,本人無法取得,本人無法取得,本人無法取得,本人無法取得,本人無法取得,本人無法取得,本人無法取得,本人無法取得,本人無法取得,本人無法取得,本人無法取得,本人無法取得,本人無法取得,本人無法取得
2023/09/04 7:24:06 下午 GMT+8,校院,中部,4,3,3,4,4,2,3,1,較高,最高,較低,最低,不清楚,使用無毒媒材、再生材料、廢物利用素材等;減少包裝材及文宣印製;工作場所、活動展場的節約能源,是,會，是淨零時代的所需。,願意,100坪~1000坪,11~20人,電風扇,自然通風,冷氣機,中央空調,不清楚，要問學校,同上,同上,同上,同上,同上,同上,同上,,同上,同上,同上,同上,同上
2023/09/04 7:32:52 下午 GMT+8,非營利組織/藝術團體,北部,4,4,4,5,5,3,3,3,最高,較低,最低,較高,有，制定藝術永續推動章程,使用無毒媒材、再生材料、廢物利用素材等;減少包裝材及文宣印製;工作場所、活動展場的節約能源;減少商務差旅;選擇符合永續精神的活動場地,是,會，是淨零時代的所需。,願意,50坪以下,2～5人,冷氣機,電風扇,自然通風,中央空調,2000，非營業用,600,300,0,5000,300,1000,600,0,1000,0,0,0,0
2023/09/04 7:56:22 下午 GMT+8,工作室,北部,2,3,2,4,4,2,2,2,最高,較高,較低,最低,沒有,減少包裝材及文宣印製,不清楚，需要更多資訊。,會，是淨零時代的所需。,願意,50坪以下,1人,電風扇;冷氣機,,,自然通風;中央空調,1657，非營業用,243,165,0,2000,300,500,200,0,1500,0,0,0,0
2023/09/04 8:00:20 下午 GMT+8,美術館,北部,5,3,3,5,5,5,3,2,最高,較低,最低,較高,有，以行動或計畫進行;有，制定藝術永續推動章程,減少商務差旅,否,會，是淨零時代的所需。,願意,100坪~1000坪,11~20人,中央空調,自然通風,電風扇;冷氣機,,無資料,無資料,無資料,無資料,無資料,無資料,無資料,無資料,無資料,無資料,無資料,無資料,無資料,無資料
2023/09/04 8:10:45 下午 GMT+8,美術館,東部,4,3,4,4,5,3,3,1,最高,最低,較高,較低,有，以行動或計畫進行,減少包裝材及文宣印製,不清楚，需要更多資訊。,會，是淨零時代的所需。,願意,1000坪~5000坪,11~20人,自然通風,電風扇,冷氣機,中央空調,,,,,,,,,,,,,,
2023/09/04 8:20:51 下午 GMT+8,畫廊,中部,4,3,3,4,4,3,3,3,較高,最高,較低,最低,沒有,沒有,否,會，是淨零時代的所需。,願意,50坪~100坪,6~10人,中央空調,自然通風;電風扇;冷氣機,,,10000，營業用,2000,600,20,8000,2000,1000,500,1000,8000,0,0,芝加哥-桃園，3人來回,0
2023/09/04 8:24:48 下午 GMT+8,畫廊,中部,4,3,3,3,3,3,2,2,較高,最高,較低,最低,有，以行動或計畫進行,減少商務差旅,是,會，是淨零時代的所需。,願意,50坪~100坪,6~10人,中央空調,,,自然通風;電風扇;冷氣機,老闆才知道,老闆才知道,老闆才知道,老闆才知道,老闆才知道,老闆才知道,老闆才知道,老闆才知道,老闆才知道,老闆才知道,老闆才知道,老闆才知道,老闆才知道,老闆才知道
2023/09/04 8:29:02 下午 GMT+8,工作室,北部,4,3,2,4,4,4,4,2,較低,較高,最高,最低,沒有,使用無毒媒材、再生材料、廢物利用素材等;減少包裝材及文宣印製,是,會，是淨零時代的所需。,願意,50坪以下,1人,電風扇,冷氣機,自然通風,中央空調,1645/非營業用,587,231,3,1500,800,500,100,300,1000,0,0,0,0
2023/09/04 8:32:27 下午 GMT+8,工作室,南部,4,4,4,5,5,2,2,1,較低,較高,最高,最低,沒有,減少包裝材及文宣印製,是,不會，藝文預算不會受藝術永續與否影響。,不願意,50坪以下,1人,電風扇,自然通風;冷氣機,,中央空調,997,164,175,6,1000,1000,1000,500,0,0,0,0,0,0
2023/09/04 8:47:02 下午 GMT+8,替代空間,東部,5,4,3,5,5,3,3,2,最高,較低,最低,較高,有，以行動或計畫進行,減少包裝材及文宣印製;工作場所、活動展場的節約能源,是,不會，藝文預算不會受藝術永續與否影響。,願意,50坪~100坪,2～5人,自然通風;電風扇;冷氣機,,,中央空調,2000/營業用,800,300,18,3000,800,800,0,1000,5000,0,0,0,0
2023/09/04 8:52:35 下午 GMT+8,工作室,東部,5,4,4,5,5,5,4,2,最低,較低,最高,較高,有，以行動或計畫進行,使用無毒媒材、再生材料、廢物利用素材等;減少包裝材及文宣印製;工作場所、活動展場的節約能源;減少商務差旅;選擇符合永續精神的活動場地,不清楚，需要更多資訊。,不會，藝文預算不會受藝術永續與否影響。,願意,100坪~1000坪,2～5人,自然通風;電風扇,,冷氣機,中央空調,1000/非營業,500,200,10,0,3000,0,0,1000,4000,0,0,0,0
2023/09/04 8:56:43 下午 GMT+8,替代空間,北部,5,4,3,5,5,3,3,2,較高,最低,較低,最高,有，以行動或計畫進行,減少包裝材及文宣印製;工作場所、活動展場的節約能源,是,會，是淨零時代的所需。,願意,100坪~1000坪,6~10人,電風扇,自然通風,冷氣機,中央空調,7584，營業用,857,435,20,4000,1000,500,100,500,6000,0,0,0,0
2023/09/04 9:12:18 下午 GMT+8,替代空間,南部,4,3,3,5,5,3,3,2,較高,最高,較低,最低,有，以行動或計畫進行,使用無毒媒材、再生材料、廢物利用素材等,是,會，是淨零時代的所需。,願意,100坪~1000坪,2～5人,自然通風,電風扇,冷氣機,中央空調,5000。營業,800,400,20,5000,1000,500,0,1000,5000,0,0,台北-韓國/2個人出差,0
2023/09/04 9:14:31 下午 GMT+8,校院,中部,3,3,3,4,5,2,1,1,最高,最低,較高,較低,不清楚,工作場所、活動展場的節約能源,不清楚，需要更多資訊。,會，是淨零時代的所需。,願意,100坪~1000坪,6~10人,冷氣機,電風扇,自然通風,中央空調,,,,,,,,,,,,,,
2023/09/04 9:18:08 下午 GMT+8,美術館,中部,5,4,4,5,5,3,3,1,最高,較高,最低,較低,有，以行動或計畫進行;有，制定藝術永續推動章程,使用無毒媒材、再生材料、廢物利用素材等;減少包裝材及文宣印製,是,會，是淨零時代的所需。,願意,100坪~1000坪,11~20人,中央空調,,,自然通風;電風扇;冷氣機,需問專人,同上,同上,同上,同上,同上,同上,同上,同上,同上,同上,同上,同上,同上
2023/09/04 9:26:55 下午 GMT+8,藝術園區,北部,5,4,2,4,5,3,3,2,最高,較低,較高,最低,不清楚,工作場所、活動展場的節約能源,否,不清楚，需要更多資訊。,願意,100坪~1000坪,11~20人,自然通風;中央空調,冷氣機,,電風扇,無法取得數據,無法取得數據,無法取得數據,無法取得數據,無法取得數據,無法取得數據,無法取得數據,無法取得數據,無法取得數據,無法取得數據,無法取得數據,無法取得數據,無法取得數據,無法取得數據
2023/09/04 9:36:51 下午 GMT+8,非營利組織/藝術團體,北部,4,4,4,5,5,2,2,2,較高,最高,較低,最低,有，以行動或計畫進行;有，制定藝術永續推動章程,使用無毒媒材、再生材料、廢物利用素材等;減少包裝材及文宣印製;工作場所、活動展場的節約能源;減少商務差旅,不清楚，需要更多資訊。,不清楚，需要更多資訊。,願意,50坪~100坪,2～5人,冷氣機,電風扇,自然通風,中央空調,1980。非營,568,322,3,1000,1000,1000,200,0,1000,0,0,0,0
2023/09/04 9:40:59 下午 GMT+8,替代空間,北部,5,4,3,5,5,1,1,1,較高,最高,較低,最低,有，以行動或計畫進行,使用無毒媒材、再生材料、廢物利用素材等;減少包裝材及文宣印製;工作場所、活動展場的節約能源;減少商務差旅;選擇符合永續精神的活動場地,不清楚，需要更多資訊。,不清楚，需要更多資訊。,願意,50坪以下,2～5人,電風扇;冷氣機,自然通風,,中央空調,2500。營業用,400,400,0,5000,1000,1000,500,1000,500,0,0,台北-東京-3人來回（6人次？）,0
2023/09/04 9:45:21 下午 GMT+8,替代空間,南部,4,2,2,4,4,2,1,1,較低,最高,較高,最低,不清楚,工作場所、活動展場的節約能源,不清楚，需要更多資訊。,不清楚，需要更多資訊。,願意,50坪~100坪,6~10人,自然通風;電風扇;冷氣機,,,中央空調,4000/ 營業使用,1000,500,15,3000,500,500,500,500,5000,0,0,日本/台灣/1人,0
2023/09/05 12:03:11 下午 GMT+8,工作室,北部,2,3,3,5,5,3,3,1,最低,較高,最高,較低,有，以行動或計畫進行,使用無毒媒材、再生材料、廢物利用素材等;減少包裝材及文宣印製,是,會，是淨零時代的所需。,願意,50坪以下,2～5人,自然通風;電風扇;冷氣機,,,中央空調,1560,227,157,2,2000,1000,500,500,0,1000,0,0,0,0
2023/09/05 5:50:56 下午 GMT+8,替代空間,北部,4,3,2,4,5,2,2,1,較低,最高,較高,最低,有，以行動或計畫進行,減少包裝材及文宣印製,是,會，是淨零時代的所需。,願意,50坪~100坪,2～5人,冷氣機,電風扇,自然通風,中央空調,3645/非營業用,1980,564,35,5000,2500,1000,800,0,800,0,0,上海-台北。6人次（3人來回）,0
2023/09/06 12:34:50 下午 GMT+8,工作室,南部,2,3,2,4,5,2,1,1,較低,最高,較高,最低,有，以行動或計畫進行,使用無毒媒材、再生材料、廢物利用素材等;減少包裝材及文宣印製;減少商務差旅,不清楚，需要更多資訊。,不清楚，需要更多資訊。,願意,50坪以下,2～5人,電風扇,自然通風;冷氣機,,中央空調,"2000,營業用",500,200,2,2000,1500,200,100,0,1000，機車為主,0,0,個人旅遊，不是公務,0
2023/09/06 12:37:44 下午 GMT+8,替代空間,南部,4,4,3,4,5,3,2,2,最高,較高,最低,較低,有，以行動或計畫進行,使用無毒媒材、再生材料、廢物利用素材等;減少包裝材及文宣印製,是,會，是淨零時代的所需。,願意,50坪~100坪,6~10人,電風扇;冷氣機,,,自然通風;中央空調,"2500, 營業用",400,250,15,5000,1000,0,0,500,2000,0,0,0,0
2023/09/06 12:41:45 下午 GMT+8,美術館,北部,4,3,3,4,4,3,2,1,最高,較高,最低,較低,有，以行動或計畫進行;有，制定藝術永續推動章程,工作場所、活動展場的節約能源,否,會，是淨零時代的所需。,願意,100坪~1000坪,11~20人,中央空調,電風扇,冷氣機,自然通風,不清楚,不清楚,不清楚,不清楚,不清楚,不清楚,不清楚,不清楚,不清楚,不清楚,不清楚,不清楚,不清楚,不清楚
2023/09/06 12:49:15 下午 GMT+8,校院,北部,4,3,2,4,5,3,3,2,最高,較高,最低,較低,不清楚,教學,是,會，是淨零時代的所需。,願意,100坪~1000坪,11~20人,自然通風;電風扇,,冷氣機,中央空調,校方才有資料,校方才有資料,校方才有資料,校方才有資料,校方才有資料,校方才有資料,校方才有資料,校方才有資料,校方才有資料,校方才有資料,校方才有資料,校方才有資料,校方才有資料,校方才有資料
2023/09/06 1:46:59 下午 GMT+8,非營利組織/藝術團體,北部,4,4,3,5,5,5,4,2,較高,較低,最低,最高,有，設置專門的永續部門處理;有，以行動或計畫進行;有，制定藝術永續推動章程,減少包裝材及文宣印製;工作場所、活動展場的節約能源;網路，社群，podcast,是,會，是淨零時代的所需。,願意,50坪以下,2～5人,冷氣機,電風扇,自然通風,中央空調,1500，非營業用,300,300,0,5000,0,1000,300,600,都騎機車，大家全部2000,無柴油車,無電動車,沒出國出差,沒參展
2023/09/06 1:53:18 下午 GMT+8,工作室,東部,4,3,2,3,4,3,2,2,最高,最低,較低,較高,有，以行動或計畫進行,減少包裝材及文宣印製,是,會，是淨零時代的所需。,願意,50坪以下,2～5人,電風扇,自然通風,冷氣機,中央空調,1974。非營業用,442,219,0,4000,100,500,500,0,0,0,0,0,0
2023/09/06 5:08:33 下午 GMT+8,替代空間,中部,4,3,2,4,4,2,2,2,最高,較高,較低,最低,沒有,減少包裝材及文宣印製,不清楚，需要更多資訊。,不清楚，需要更多資訊。,願意,100坪~1000坪,6~10人,自然通風,電風扇;冷氣機,,中央空調,6000/營業用,2000,2000,40,10000,2000,500,0,0,2000,0,0,0,0
2023/09/07 10:04:58 上午 GMT+8,工作室,北部,1,3,2,2,2,4,2,2,較低,最低,較高,最高,沒有,使用無毒媒材、再生材料、廢物利用素材等;減少包裝材及文宣印製,否,不清楚，需要更多資訊。,不願意,50坪以下,1人,自然通風,電風扇,冷氣機,中央空調,營業用 1000,100,0,0,0,0,0,0,0,3000,0,0,0,0
2023/09/07 10:47:28 下午 GMT+8,劇團,北部,3,1,5,1,5,5,1,3,最高,較高,較低,最低,沒有,使用無毒媒材、再生材料、廢物利用素材等;工作場所、活動展場的節約能源;部分使用廢物利用素材，但完成品難以再回收，加工過程也不一定環保,是,會，是淨零時代的所需。,願意,,2～5人,自然通風;電風扇,,冷氣機,,,,,,,,,,,,,,,
2023/09/08 6:53:13 上午 GMT+8,非營利組織/藝術團體,北部,4,3,2,4,4,4,1,1,較高,最高,最低,較低,有，以行動或計畫進行,減少商務差旅,是,會，是淨零時代的所需。,願意,50坪以下,2～5人,冷氣機,電風扇,自然通風,中央空調,1869。  非營業,575,368,0,5000,2000,1000,500,0,0,0,0,0,0
2023/09/08 6:58:41 上午 GMT+8,美術館,中部,5,3,3,4,5,3,3,3,最高,最低,較低,較高,有，以行動或計畫進行;有，制定藝術永續推動章程,工作場所、活動展場的節約能源,否,會，是淨零時代的所需。,願意,100坪~1000坪,11~20人,中央空調,,自然通風,電風扇;冷氣機,請洽詢管理層,請洽詢管理層,請洽詢管理層,請洽詢管理層,請洽詢管理層,請洽詢管理層,請洽詢管理層,請洽詢管理層,請洽詢管理層,請洽詢管理層,請洽詢管理層,請洽詢管理層,請洽詢管理層,請洽詢管理層
2023/09/08 7:04:45 上午 GMT+8,替代空間,北部,4,2,2,4,4,2,1,1,較高,最高,較低,最低,不清楚,使用無毒媒材、再生材料、廢物利用素材等;減少包裝材及文宣印製,是,不清楚，需要更多資訊。,願意,50坪~100坪,2～5人,電風扇,冷氣機,自然通風,中央空調,2165/營業用,400,300,10,3000,1000,1200,200,0,9,1500,0,上海-台北，來回，一人。東京-台北，來回，一人。,0
2023/09/08 7:12:01 上午 GMT+8,工作室,東部,4,2,2,5,5,1,1,1,最低,較低,最高,較高,自由心證，想到就做,種樹、吃素,否,不會，藝文預算不會受藝術永續與否影響。,不願意,100坪~1000坪,1人,自然通風,電風扇,,中央空調;冷氣機,800。家用,200,0,20,0,1500,0,0,0,騎車1000+偶爾開車1500,0,0,0,0
2023/09/08 7:17:50 上午 GMT+8,工作室,東部,2,1,1,4,5,1,1,1,較低,最低,較高,最高,有，以行動或計畫進行,使用無毒媒材、再生材料、廢物利用素材等;減少包裝材及文宣印製;工作場所、活動展場的節約能源;生活在大自然裡,不清楚，需要更多資訊。,不清楚，需要更多資訊。,願意,100坪~1000坪,1人,自然通風,電風扇,冷氣機,中央空調,943。非營業,209,0,15,0,3000,200,200,200,2500,0,0,首爾/台灣。1人來回,0
2023/09/08 12:48:39 下午 GMT+8,畫廊,北部,4,2,2,4,4,3,1,1,最高,較高,較低,最低,沒有,沒有;畫廊就是要漂亮舒適的藝術環境呀,否,不會，藝文預算不會受藝術永續與否影響。,願意,50坪~100坪,6~10人,中央空調,,,自然通風;電風扇;冷氣機,20000，營業用,6000,4000,0,10000,5000,3000,1000,5000,5000,0,0,台北-紐約。三人來回,0
2023/09/08 4:01:31 下午 GMT+8,工作室,南部,4,2,2,4,4,3,3,1,最高,較高,最低,較低,有，以行動或計畫進行,使用無毒媒材、再生材料、廢物利用素材等;減少包裝材及文宣印製;工作場所、活動展場的節約能源;減少商務差旅,是,會，是淨零時代的所需。,願意,50坪~100坪,2～5人,自然通風;電風扇;冷氣機,,,中央空調,"2000, 非營業用",900,0,18,4000,1000,500,0,0,3000,0,0,小港/香港/2人出差,0
2023/09/08 8:48:59 下午 GMT+8,校院,中部,3,3,2,4,5,2,2,2,較高,最高,最低,較低,不清楚,工作場所、活動展場的節約能源;宣導,是,不清楚，需要更多資訊。,願意,100坪~1000坪,6~10人,電風扇,自然通風,冷氣機,中央空調,不知道學校數據,不知道學校數據,不知道學校數據,不知道學校數據,不知道學校數據,不知道學校數據,不知道學校數據,不知道學校數據,不知道學校數據,不知道學校數據,不知道學校數據,不知道學校數據,不知道學校數據,不知道學校數據
2023/09/09 3:05:08 下午 GMT+8,工作室,南部,3,2,2,4,5,3,1,2,最高,較高,最低,較低,有，以行動或計畫進行,工作場所、活動展場的節約能源,不清楚，需要更多資訊。,不會，藝文預算不會受藝術永續與否影響。,願意,50坪~100坪,2～5人,電風扇,自然通風,冷氣機,中央空調,1980，非營業用,500,0,8,4000,2000,500,0,0,1000,0,0,小港/胡志明市/1人,無
2023/09/09 3:11:02 下午 GMT+8,替代空間,南部,4,2,3,3,4,3,3,2,較低,最高,較高,最低,不清楚,做一些線上活動,是,不清楚，需要更多資訊。,願意,50坪~100坪,2～5人,自然通風;電風扇,冷氣機,,中央空調,5000，營業用,1000,600,14,3000,2000,200,100,300,2000,1000,0,桃園/北京/1人,0
2023/09/09 3:15:17 下午 GMT+8,校院,北部,3,3,2,4,5,3,3,3,最高,較高,最低,較低,不清楚,教學生環保、資源回收、垃圾分類,是,會，是淨零時代的所需。,願意,100坪~1000坪,6~10人,電風扇,冷氣機,中央空調,自然通風,不清楚,不清楚,不清楚,不清楚,不清楚,不清楚,不清楚,不清楚,不清楚,不清楚,不清楚,不清楚,不清楚,不清楚
2023/09/10 8:03:24 上午 GMT+8,工作室,北部,3,4,2,4,5,2,1,1,較低,較高,最高,最低,有，以行動或計畫進行,使用無毒媒材、再生材料、廢物利用素材等;減少包裝材及文宣印製,是,不清楚，需要更多資訊。,願意,50坪以下,1人,自然通風;電風扇,冷氣機,,中央空調,1980/非營業,362,175,5,2000,1000,1000,200,0,0,0,0,0,0
2023/09/10 3:40:33 下午 GMT+8,替代空間,北部,4,3,2,4,5,3,1,1,較低,較高,最高,最低,有，以行動或計畫進行,減少包裝材及文宣印製;工作場所、活動展場的節約能源,不清楚，需要更多資訊。,不清楚，需要更多資訊。,願意,50坪~100坪,2～5人,電風扇,自然通風,冷氣機,中央空調,3265/非營業,453,325,3,5000,1500,500,500,500,2000,0,0,0,0
2023/09/11 8:43:36 上午 GMT+8,工作室,南部,2,4,2,3,4,2,1,2,較高,最低,較低,最高,沒有,減少商務差旅,不清楚，需要更多資訊。,不會，藝文預算不會受藝術永續與否影響。,願意,50坪~100坪,2～5人,電風扇,自然通風;冷氣機,,中央空調,2647/非營業,879,156,10,3000,1000,200,0,500,2500,0,0,0,0
2023/09/11 8:47:15 上午 GMT+8,畫廊,北部,3,4,3,3,5,3,3,3,最高,較高,較低,最低,沒有,主題展,否,會，是淨零時代的所需。,願意,100坪~1000坪,6~10人,中央空調,冷氣機,,自然通風;電風扇,8888，營業用,888,568,8,8000,8000,800,800,800,800,8,8,澳門/台北/8人次,0
2023/09/11 8:51:23 上午 GMT+8,藝術園區,中部,4,3,2,3,5,3,2,2,最高,最低,較低,較高,不清楚,沒有,否,不清楚，需要更多資訊。,願意,100坪~1000坪,6~10人,自然通風,電風扇,冷氣機,中央空調,園區數字無法得知,園區數字無法得知,園區數字無法得知,園區數字無法得知,園區數字無法得知,園區數字無法得知,園區數字無法得知,園區數字無法得知,園區數字無法得知,園區數字無法得知,園區數字無法得知,園區數字無法得知,園區數字無法得知,園區數字無法得知
2023/09/11 8:53:54 上午 GMT+8,校院,東部,3,3,2,4,5,3,3,1,最高,較低,較高,最低,沒有,觀念教育,是,會，是淨零時代的所需。,願意,100坪~1000坪,6~10人,電風扇,自然通風,冷氣機,中央空調,不清楚,不清楚,不清楚,不清楚,不清楚,不清楚,不清楚,不清楚,不清楚,不清楚,不清楚,不清楚,不清楚,不清楚
2023/09/11 9:08:37 上午 GMT+8,工作室,北部,4,3,3,4,4,4,3,2,最低,最高,較高,較低,以創作進行,使用無毒媒材、再生材料、廢物利用素材等;減少包裝材及文宣印製;減少商務差旅,是,會，是淨零時代的所需。,願意,50坪~100坪,2～5人,電風扇,自然通風,冷氣機,中央空調,2376，非營業用,570,300,0,3000,2000,1000,200,0,1000,0,0,上海-台北-2人,0
2023/09/11 10:46:24 上午 GMT+8,工作室,南部,4,4,3,4,5,2,3,2,較高,最高,最低,較低,沒有,減少包裝材及文宣印製;工作場所、活動展場的節約能源;減少商務差旅,不清楚，需要更多資訊。,會，是淨零時代的所需。,願意,50坪~100坪,2～5人,自然通風,電風扇,冷氣機,中央空調,不方便透露,同上,同上,同上,同上,同上,同上,同上,同上,同上,同上,同上,同上,同上
2023/09/11 11:42:35 上午 GMT+8,藝術園區,北部,4,3,4,4,4,4,3,4,最高,較高,較低,最低,有，以行動或計畫進行,使用無毒媒材、再生材料、廢物利用素材等;減少包裝材及文宣印製;工作場所、活動展場的節約能源;選擇符合永續精神的活動場地,否,不會，藝文預算不會受藝術永續與否影響。,願意,10000坪以上,21~50人,中央空調,自然通風,電風扇,冷氣機,"非營業用 $1,910,406元/月","$150,929元/月",無,無,"2,080元/月",無人申請,無人申請,無人申請,"3,700元/月",無人申請,無人申請,無人申請,台灣台北-日本東京-6位(起點／迄點／人次),
2023/09/11 11:50:26 上午 GMT+8,藝術園區,北部,3,5,4,4,5,4,2,3,最高,較高,最低,較低,有，以行動或計畫進行,使用無毒媒材、再生材料、廢物利用素材等;工作場所、活動展場的節約能源,是,不清楚，需要更多資訊。,願意,10000坪以上,21~50人,中央空調,,,,"1,910,406/非營業","150,929",無,無,"2,080",無,無,無,"3,700",無,無,無,台灣台北-日本東京-6位,無
2023/09/11 1:11:20 下午 GMT+8,工作室,南部,4,3,3,4,5,4,3,2,較高,最高,較低,最低,有，以行動或計畫進行,使用無毒媒材、再生材料、廢物利用素材等;減少包裝材及文宣印製;工作場所、活動展場的節約能源,否,不清楚，需要更多資訊。,願意,100坪~1000坪,2～5人,電風扇;冷氣機,自然通風;中央空調,,,2354/營業用,545,278,8,3200,800,500,100,500,1500,0,0,高雄/首爾/1人,0
2023/09/11 1:46:46 下午 GMT+8,美術館,北部,5,4,3,3,4,2,2,1,最高,較高,較低,最低,不清楚,工作場所、活動展場的節約能源,否,不清楚，需要更多資訊。,願意,100坪~1000坪,6~10人,中央空調,冷氣機,,自然通風;電風扇,不清楚,不清楚,不清楚,不清楚,不清楚,不清楚,不清楚,不清楚,不清楚,不清楚,不清楚,不清楚,不清楚,不清楚
2023/09/11 4:16:51 下午 GMT+8,藝術園區,北部,3,4,3,3,4,3,3,3,最高,較高,較低,最低,有，以行動或計畫進行,使用無毒媒材、再生材料、廢物利用素材等;減少包裝材及文宣印製;工作場所、活動展場的節約能源,是,不清楚，需要更多資訊。,願意,,21~50人,中央空調,冷氣機,電風扇,自然通風,"非營業用 $1,910,406元/月 ","$150,929元/月",,,"2,080元/月",,,,"3,700元/",,,,台灣台北-日本東京-6位,
2023/09/13 11:09:16 上午 GMT+8,工作室,北部,2,4,2,4,5,3,3,2,最高,較高,最低,較低,沒有,使用無毒媒材、再生材料、廢物利用素材等;減少包裝材及文宣印製;工作場所、活動展場的節約能源;減少商務差旅,是,不會，藝文預算不會受藝術永續與否影響。,願意,50坪以下,1人,電風扇;冷氣機,自然通風,,中央空調,899，非營業,478,244,5,2000,1000,1000,500,0,400,？,？,0,0
2023/09/13 11:14:18 上午 GMT+8,工作室,南部,4,1,1,3,3,3,1,1,最低,最高,較低,較高,有，以行動或計畫進行,沒有;個人工作室減碳，對大環境的影響又如何,不清楚，需要更多資訊。,不清楚，需要更多資訊。,不願意,50坪~100坪,1人,電風扇,冷氣機,自然通風,中央空調,1213/非營業,265,188,6,3000,0,0,0,0,5000,0,0,高雄/北京/1人,0
2023/09/13 11:18:43 上午 GMT+8,藝術園區,北部,4,4,4,4,4,4,4,2,最高,較高,最低,較低,有，以行動或計畫進行,使用無毒媒材、再生材料、廢物利用素材等;減少包裝材及文宣印製;工作場所、活動展場的節約能源;選擇符合永續精神的活動場地,是,會，是淨零時代的所需。,願意,100坪~1000坪,2～5人,自然通風,電風扇,中央空調;冷氣機,,19000/營業用,7576,6257,？,12000,2000,6000,3000,3000,5000,？,？,台北/京都/3人,0
2023/09/13 11:22:03 上午 GMT+8,美術館,北部,3,3,2,3,5,3,2,1,最高,較低,最低,較高,有，設置專門的永續部門處理;有，以行動或計畫進行,減少包裝材及文宣印製,是,會，是淨零時代的所需。,願意,100坪~1000坪,6~10人,中央空調,電風扇,冷氣機,自然通風,不得而知,不得而知,不得而知,不得而知,不得而知,不得而知,不得而知,不得而知,不得而知,不得而知,不得而知,不得而知,不得而知,不得而知
2023/09/13 11:27:38 上午 GMT+8,替代空間,東部,3,2,2,3,4,2,1,1,最低,最高,較高,較低,因人而異,減少包裝材及文宣印製;減少商務差旅,是,會，是淨零時代的所需。,願意,100坪~1000坪,2～5人,自然通風,電風扇,冷氣機,中央空調,8500/非營業,2000,1000,20,1000,3000,500,3000,500,5000,0,0,台東/松山/1人,0
2023/09/13 11:31:58 上午 GMT+8,非營利組織/藝術團體,北部,4,4,2,3,5,2,1,1,最高,較高,最低,較低,有，制定藝術永續推動章程,使用無毒媒材、再生材料、廢物利用素材等;減少包裝材及文宣印製;工作場所、活動展場的節約能源;減少商務差旅;選擇符合永續精神的活動場地;推廣觀念,是,會，是淨零時代的所需。,願意,50坪~100坪,2～5人,電風扇,冷氣機,中央空調,自然通風,2335/非營業,569,337,5,3000,1500,1200,0,300,機車為主，800,無,無,無,無
2023/09/13 11:34:43 上午 GMT+8,校院,中部,3,3,3,3,5,3,3,1,最高,最低,較低,較高,有，以行動或計畫進行,教學,是,會，是淨零時代的所需。,願意,100坪~1000坪,6~10人,電風扇,自然通風,冷氣機,中央空調,學校資料,學校資料,學校資料,學校資料,學校資料,學校資料,學校資料,學校資料,學校資料,學校資料,學校資料,學校資料,學校資料,學校資料
2023/09/13 11:40:20 上午 GMT+8,工作室,北部,4,3,4,4,5,2,1,1,最低,較高,最高,較低,沒有,填這份電子問卷,否,不清楚，需要更多資訊。,願意,50坪以下,2～5人,電風扇,冷氣機,自然通風,中央空調,1800/非營業用,600,200,3（？）算不太出來,1500,500,800,300,0,0,0,1200,無,無
2023/09/13 11:45:44 上午 GMT+8,工作室,北部,3,1,1,3,4,1,1,1,較低,較高,最高,最低,沒有,使用無毒媒材、再生材料、廢物利用素材等,否,不會，藝文預算不會受藝術永續與否影響。,願意,100坪~1000坪,1人,自然通風,電風扇,,中央空調;冷氣機,800/非營業,200,150,5,0,0,0，老人票,0，老人票,500（老人票有點優惠）,都找女兒載,0,0,0,0
2023/09/13 11:50:56 上午 GMT+8,藝術園區,中部,4,4,4,4,4,4,2,1,最高,較高,較低,最低,有，制定藝術永續推動章程,打造自己成為環保的場域,是,會，是淨零時代的所需。,願意,,,,,,,,,,,,,,,,,,,,
2023/09/13 11:53:38 上午 GMT+8,藝術園區,北部,3,3,3,4,5,3,2,1,最高,較高,最低,較低,有，設置專門的永續部門處理,選擇有永續創意的合作對象,是,會，是淨零時代的所需。,願意,,,,,,,,,,,,,,,,,,,,
2023/09/13 11:56:57 上午 GMT+8,畫廊,南部,3,3,3,3,3,3,3,3,較低,最高,較高,最低,不清楚,沒有,否,不會，藝文預算不會受藝術永續與否影響。,不願意,100坪~1000坪,2～5人,中央空調,,,自然通風;電風扇;冷氣機,2萬/營業用,6千,3千,20,1萬,5千,0,0,5千,5千,0,0,高雄/上海/2人,0
2023/09/13 12:02:15 下午 GMT+8,藝術品拍賣,北部,4,2,2,3,3,3,1,1,較高,最低,最高,較低,沒有,沒有,不清楚，需要更多資訊。,會，是淨零時代的所需。,願意,50坪~100坪,2～5人,中央空調,冷氣機,電風扇,自然通風,1萬/營業用,3千,忘了,沒有,1萬,3千,3千,1千,3千,6千,0,0,台北/曼谷/2人,0
2023/09/13 12:05:50 下午 GMT+8,工作室,北部,3,3,3,5,5,3,3,1,最低,最高,較高,較低,有，以行動或計畫進行,使用無毒媒材、再生材料、廢物利用素材等;減少包裝材及文宣印製;工作場所、活動展場的節約能源;減少商務差旅,是,會，是淨零時代的所需。,願意,50坪以下,2～5人,電風扇,自然通風;冷氣機,,中央空調,1213/非營業用,300,150,5,3000,2000,1000,280,0,900,0,0,0,0
2023/09/14 10:49:17 上午 GMT+8,工作室,南部,3,3,3,3,5,3,2,1,較高,最高,較低,最低,沒有,電子宣傳,是,會，是淨零時代的所需。,願意,50坪~100坪,2～5人,電風扇,冷氣機,自然通風,中央空調,1675/非營業,779,603,5,2500,2500,500,0,0,3000,0,0,高雄/香港/1人,0