時間戳記,1）請問您工作地點的類型？,2）請問您工作地點的所在區域？,3）從1到5級距，您認為藝術產業的碳排放量在那個相對位置？,4） 您對於聯合國永續發展目標（SDGs）的瞭解在那個相對位置？,5） 您認為藝術跟聯合國永續發展目標（SDGs）的相關度為何？,6） 請勾選您心目中藝術跟環境保護（E）的相關度。（如節能減碳）,7） 請勾選您心目中藝術跟社會責任（S）的相關度。（如關懷共感）,8） 請勾選您心目中藝術跟機構治理（G）的相關度。（如永續章程  ）,9） 您對於「台灣 2050 淨零排放」政策的瞭解在那個相對位置？ ,10） 您認為藝術跟台灣 2050 淨零排放政策的相關度為何？,11）以下四項藝術活動，請按照您的經驗或直覺，排列出碳排放量的相對高低。 [建築耗能],11）以下四項藝術活動，請按照您的經驗或直覺，排列出碳排放量的相對高低。 [展場物流場佈],11）以下四項藝術活動，請按照您的經驗或直覺，排列出碳排放量的相對高低。 [人員商務差旅],11）以下四項藝術活動，請按照您的經驗或直覺，排列出碳排放量的相對高低。 [觀眾交通],12）您的工作處有在推動永續事務嗎？(可複選),13）您個人有採取下列減少碳排放的行動嗎？（可複選）,14）您認為以數位形式舉辦藝文展覽，是否能降低碳排放？,15）您覺得藝文獎補助與採購，要求申請者揭露碳排放報告，會提升民意機關和民眾的藝文支持度嗎？,16）您是否願意進一步瞭解藝術永續相關的資訊，如操作指南、計算工具、教育訓練、政策倡議？
2023/08/02 12:00:59 上午 GMT+8,工作室,北部,3,4,4,3,4,3,4,3,最高,最低,較低,較高,有，以行動或計畫進行,使用無毒媒材、再生材料、廢物利用素材等;減少包裝材及文宣印製;工作場所、活動展場的節約能源;減少商務差旅,不清楚，需要更多資訊。,會，是淨零時代的所需。,願意
2023/08/02 3:10:33 下午 GMT+8,金融,北部,2,4,4,3,4,3,4,3,最高,較低,最低,較高,沒有,使用無毒媒材、再生材料、廢物利用素材等;減少包裝材及文宣印製;工作場所、活動展場的節約能源;減少商務差旅;用海運或陸運取代空運;選擇符合永續精神的活動場地,不清楚，需要更多資訊。,會，是淨零時代的所需。,願意
2023/08/02 6:16:51 下午 GMT+8,政府機關,北部,2,2,3,3,4,2,3,2,較高,最低,較低,最高,有，以行動或計畫進行,使用無毒媒材、再生材料、廢物利用素材等;工作場所、活動展場的節約能源,是,會，是淨零時代的所需。,不願意
2023/08/02 10:47:38 下午 GMT+8,工作室,北部,2,1,3,4,5,5,2,5,較低,最高,最低,較高,沒有,減少包裝材及文宣印製,是,不會，藝文預算不會受藝術永續與否影響。,不願意
2023/08/03 4:19:14 上午 GMT+8,工作室,北部,4,4,4,4,5,3,4,2,較高,較低,最低,最高,有，以行動或計畫進行,減少包裝材及文宣印製;工作場所、活動展場的節約能源;減少商務差旅,是,不會，藝文預算不會受藝術永續與否影響。,願意
2023/08/03 10:14:06 上午 GMT+8,工作室,北部,2,3,4,4,5,4,2,2,最高,最低,較低,較高,不清楚,使用無毒媒材、再生材料、廢物利用素材等;減少包裝材及文宣印製;工作場所、活動展場的節約能源,是,會，是淨零時代的所需。,願意
2023/08/03 10:25:07 上午 GMT+8,工作室,北部,3,1,4,5,4,2,1,4,最高,較低,最低,較高,沒有,減少包裝材及文宣印製;用海運或陸運取代空運,是,會，是淨零時代的所需。,願意
2023/08/03 10:43:06 上午 GMT+8,工作室,北部,1,3,3,3,4,4,3,4,最低,較高,較低,最高,沒有,使用無毒媒材、再生材料、廢物利用素材等;減少包裝材及文宣印製;工作場所、活動展場的節約能源,是,會，是淨零時代的所需。,願意
2023/08/03 1:56:10 下午 GMT+8,工作室,北部,2,1,2,2,1,1,1,1,較高,最低,較低,最高,沒有,沒有,不清楚，需要更多資訊。,不清楚，需要更多資訊。,不願意
2023/08/03 2:06:03 下午 GMT+8,替代空間,北部,1,1,1,3,5,1,1,1,較高,最低,最高,較低,沒有,減少包裝材及文宣印製;沒有,是,不會，藝文預算不會受藝術永續與否影響。,不願意
2023/08/03 2:15:49 下午 GMT+8,工作室,北部,4,4,4,4,4,3,4,4,最低,較低,較高,最高,有，以行動或計畫進行,減少包裝材及文宣印製,是,會，是淨零時代的所需。,願意
2023/08/03 4:00:41 下午 GMT+8,校院,北部,1,2,2,2,2,2,2,1,最低,較低,較高,最高,沒有,減少包裝材及文宣印製,不清楚，需要更多資訊。,不清楚，需要更多資訊。,不願意
2023/08/03 4:53:04 下午 GMT+8,工作室,北部,3,4,4,4,4,4,4,4,最高,最低,較低,較高,有，以行動或計畫進行,使用無毒媒材、再生材料、廢物利用素材等;減少包裝材及文宣印製;工作場所、活動展場的節約能源;選擇符合永續精神的活動場地,是,會，是淨零時代的所需。,願意
2023/08/03 7:50:01 下午 GMT+8,工作室,北部,4,3,5,5,5,5,3,5,最高,較低,較高,最低,有，以行動或計畫進行,使用無毒媒材、再生材料、廢物利用素材等;減少包裝材及文宣印製;工作場所、活動展場的節約能源;減少商務差旅;用海運或陸運取代空運;選擇符合永續精神的活動場地,是,會，是淨零時代的所需。,願意
2023/08/03 8:19:33 下午 GMT+8,工作室,東部,3,3,3,3,5,1,3,1,較低,最低,較高,最高,沒有,工作場所、活動展場的節約能源,否,不清楚，需要更多資訊。,願意
2023/08/04 7:50:26 上午 GMT+8,工作室,中部,2,2,1,3,4,2,2,2,較高,最高,最低,較低,沒有,減少商務差旅,不清楚，需要更多資訊。,不會，藝文預算不會受藝術永續與否影響。,願意
2023/08/04 11:23:33 上午 GMT+8,校院,北部,4,4,5,4,5,4,2,3,較高,最高,較低,最低,沒有,工作場所、活動展場的節約能源,否,會，是淨零時代的所需。,願意
2023/08/04 11:31:20 上午 GMT+8,校院,北部,1,3,2,2,4,2,2,2,最高,最低,較低,較高,不清楚,使用無毒媒材、再生材料、廢物利用素材等;減少包裝材及文宣印製;工作場所、活動展場的節約能源;選擇符合永續精神的活動場地,否,會，是淨零時代的所需。,願意
2023/08/04 8:25:02 下午 GMT+8,工作室,中部,2,2,2,2,5,1,2,2,較低,最低,最高,較高,沒有,工作場所、活動展場的節約能源,不清楚，需要更多資訊。,不清楚，需要更多資訊。,願意
2023/08/05 2:16:24 上午 GMT+8,工作室,北部,3,3,5,3,5,2,2,3,最高,較高,最低,較低,有，以行動或計畫進行,減少包裝材及文宣印製;工作場所、活動展場的節約能源,是,會，是淨零時代的所需。,願意
2023/08/05 2:48:47 下午 GMT+8,工作室,國外,4,4,4,4,4,4,1,3,較高,最高,最低,較低,有，以行動或計畫進行,使用無毒媒材、再生材料、廢物利用素材等;減少包裝材及文宣印製;用海運或陸運取代空運,不清楚，需要更多資訊。,會，是淨零時代的所需。,願意
2023/08/06 8:55:56 上午 GMT+8,工作室,北部,3,4,4,4,5,3,4,3,最高,較低,最低,較高,有，以行動或計畫進行,使用無毒媒材、再生材料、廢物利用素材等;減少包裝材及文宣印製;減少商務差旅,不清楚，需要更多資訊。,會，是淨零時代的所需。,願意
2023/08/06 2:02:15 下午 GMT+8,工作室,南部,1,2,3,3,5,4,2,2,較低,最低,較高,最高,沒有,使用無毒媒材、再生材料、廢物利用素材等;工作場所、活動展場的節約能源,否,會，是淨零時代的所需。,願意
2023/08/06 9:31:28 下午 GMT+8,工作室,北部,3,1,3,3,5,5,1,3,最高,較高,最低,較低,沒有,減少包裝材及文宣印製;減少商務差旅;用海運或陸運取代空運,不清楚，需要更多資訊。,不會，藝文預算不會受藝術永續與否影響。,願意
2023/08/07 10:39:04 上午 GMT+8,非營利組織/藝術團體,北部,4,4,5,5,5,5,4,5,較低,最高,較高,最低,有，以行動或計畫進行,使用無毒媒材、再生材料、廢物利用素材等;減少包裝材及文宣印製;工作場所、活動展場的節約能源,是,會，是淨零時代的所需。,願意
2023/08/07 2:21:38 下午 GMT+8,校院,北部,2,1,2,2,4,4,1,1,最高,較低,最低,較高,沒有,沒有,是,不清楚，需要更多資訊。,願意
2023/08/07 2:25:47 下午 GMT+8,校院,北部,4,4,4,4,4,4,3,4,最高,較低,最低,較高,有，設置專門的永續部門處理;有，以行動或計畫進行;有，制定藝術永續推動章程,使用無毒媒材、再生材料、廢物利用素材等;減少包裝材及文宣印製;工作場所、活動展場的節約能源;減少商務差旅;用海運或陸運取代空運;選擇符合永續精神的活動場地,是,會，是淨零時代的所需。,願意
2023/08/08 10:22:11 上午 GMT+8,工作室,北部,2,2,2,3,4,4,2,2,最高,較高,較低,最低,不清楚,選擇符合永續精神的活動場地,是,會，是淨零時代的所需。,願意
2023/08/08 10:25:24 上午 GMT+8,工作室,北部,3,2,1,1,5,2,2,2,最高,較低,最低,較高,有，以行動或計畫進行,沒有,是,會，是淨零時代的所需。,願意
2023/08/08 1:45:03 下午 GMT+8,非營利組織/藝術團體,北部,3,3,3,3,3,3,3,3,最低,較低,較高,最高,有，以行動或計畫進行,使用無毒媒材、再生材料、廢物利用素材等,否,不會，藝文預算不會受藝術永續與否影響。,願意
2023/08/08 3:56:06 下午 GMT+8,企業,北部,2,4,4,4,4,4,3,1,較高,最高,較低,最低,有，以行動或計畫進行,使用無毒媒材、再生材料、廢物利用素材等;減少包裝材及文宣印製;工作場所、活動展場的節約能源;選擇符合永續精神的活動場地,是,不清楚，需要更多資訊。,不願意
2023/08/08 8:58:32 下午 GMT+8,辦公室,北部,1,1,2,1,2,2,1,2,最低,較低,較高,最高,沒有,使用無毒媒材、再生材料、廢物利用素材等,不清楚，需要更多資訊。,不清楚，需要更多資訊。,願意
2023/08/08 8:58:37 下午 GMT+8,辦公室,北部,1,1,2,1,2,2,1,2,最低,較低,較高,最高,沒有,使用無毒媒材、再生材料、廢物利用素材等,不清楚，需要更多資訊。,不清楚，需要更多資訊。,願意
2023/08/09 8:21:17 上午 GMT+8,替代空間,北部,2,3,3,3,4,3,2,3,最低,較低,較高,最高,有，以行動或計畫進行,使用無毒媒材、再生材料、廢物利用素材等;減少包裝材及文宣印製;工作場所、活動展場的節約能源,是,不清楚，需要更多資訊。,願意
2023/08/09 11:11:31 下午 GMT+8,工作室,北部,2,1,1,4,4,3,1,3,最低,最高,較高,較低,有，以行動或計畫進行,使用無毒媒材、再生材料、廢物利用素材等;減少包裝材及文宣印製;工作場所、活動展場的節約能源,是,不清楚，需要更多資訊。,願意
2023/08/10 6:28:29 上午 GMT+8,工作室,南部,4,3,3,4,4,2,3,3,最低,最高,較高,較低,有，以行動或計畫進行,使用無毒媒材、再生材料、廢物利用素材等;減少包裝材及文宣印製,不清楚，需要更多資訊。,會，是淨零時代的所需。,願意
2023/08/10 7:45:11 下午 GMT+8,工作室,北部,1,1,1,3,5,5,1,3,較高,最高,較低,最低,不清楚,沒有,否,不會，藝文預算不會受藝術永續與否影響。,不願意
2023/08/12 6:33:14 下午 GMT+8,非營利組織/藝術團體,南部,5,3,4,2,3,5,3,4,最高,較低,最低,較高,有，以行動或計畫進行,使用無毒媒材、再生材料、廢物利用素材等;減少包裝材及文宣印製;選擇符合永續精神的活動場地,不清楚，需要更多資訊。,不會，藝文預算不會受藝術永續與否影響。,願意
2023/08/12 6:39:20 下午 GMT+8,替代空間,南部,5,3,5,5,3,3,1,5,較高,最高,較低,最低,有，以行動或計畫進行,工作場所、活動展場的節約能源;搭乘大眾交通工具、環保餐具,是,不會，藝文預算不會受藝術永續與否影響。,願意
2023/08/12 6:39:31 下午 GMT+8,替代空間,南部,5,2,4,4,5,4,1,1,最低,最高,較低,較高,有，以行動或計畫進行,使用無毒媒材、再生材料、廢物利用素材等;工作場所、活動展場的節約能源,不清楚，需要更多資訊。,不會，藝文預算不會受藝術永續與否影響。,願意
2023/08/12 6:40:01 下午 GMT+8,替代空間,南部,5,3,1,2,1,1,2,2,較高,最高,最低,較低,有，以行動或計畫進行,使用無毒媒材、再生材料、廢物利用素材等;減少包裝材及文宣印製;減少商務差旅,否,不會，藝文預算不會受藝術永續與否影響。,願意
2023/08/12 6:47:51 下午 GMT+8,替代空間,南部,4,3,1,3,1,1,3,1,最低,最高,較低,較高,有，以行動或計畫進行,使用無毒媒材、再生材料、廢物利用素材等;減少包裝材及文宣印製;工作場所、活動展場的節約能源;減少商務差旅;因金費有限，能省則省，不浪費資源,否,不會，藝文預算不會受藝術永續與否影響。,願意
2023/08/13 4:08:57 下午 GMT+8,劇場、排練場、舞蹈表演空間,北部,4,5,2,1,5,4,3,2,最高,較低,較高,最低,沒有,使用無毒媒材、再生材料、廢物利用素材等;減少包裝材及文宣印製;工作場所、活動展場的節約能源;減少商務差旅;用海運或陸運取代空運;選擇符合永續精神的活動場地;本身為台北市立大學舞蹈學系畢業，畢業後為零浪費生活實踐者，學習樸門永續設計並已經應用在生活中，但對於如何運用在劇場中仍然感到矛盾... ,否,會，是淨零時代的所需。,願意
2023/08/14 10:00:16 下午 GMT+8,非營利組織/藝術團體,北部,4,5,5,3,5,3,4,5,最高,較低,較高,最低,有，以行動或計畫進行,減少包裝材及文宣印製;工作場所、活動展場的節約能源,否,不清楚，需要更多資訊。,願意
2023/08/15 8:26:38 下午 GMT+8,校院,中部,3,4,2,3,5,2,3,2,較低,最低,較高,最高,有，以行動或計畫進行,宣導環保,是,會，是淨零時代的所需。,願意
2023/08/16 5:35:43 上午 GMT+8,替代空間,南部,4,2,2,4,3,2,4,3,最高,較高,最低,較低,有，以行動或計畫進行,工作場所、活動展場的節約能源,不清楚，需要更多資訊。,會，是淨零時代的所需。,願意
2023/08/16 8:03:05 上午 GMT+8,非營利組織/藝術團體,南部,4,2,2,4,4,2,3,3,最高,較高,較低,最低,有，以行動或計畫進行,使用無毒媒材、再生材料、廢物利用素材等;減少包裝材及文宣印製;工作場所、活動展場的節約能源,是,會，是淨零時代的所需。,願意
2023/08/16 10:48:57 下午 GMT+8,工作室,北部,1,3,1,4,4,3,3,3,最高,較低,最低,較高,不清楚,減少包裝材及文宣印製,是,會，是淨零時代的所需。,願意
2023/08/17 11:43:07 上午 GMT+8,非營利組織/藝術團體,中部,4,3,3,4,5,2,3,3,較高,最高,最低,較低,有，以行動或計畫進行,使用無毒媒材、再生材料、廢物利用素材等;減少包裝材及文宣印製;工作場所、活動展場的節約能源;選擇符合永續精神的活動場地,是,會，是淨零時代的所需。,願意
2023/08/17 6:49:32 下午 GMT+8,工作室,北部,2,4,3,2,4,2,3,2,較低,最高,較高,最低,沒有,減少包裝材及文宣印製,不清楚，需要更多資訊。,不會，藝文預算不會受藝術永續與否影響。,願意
2023/08/18 10:14:48 下午 GMT+8,美術館,北部,3,1,2,2,2,3,2,1,最高,較高,較低,最低,不清楚,沒有,否,不會，藝文預算不會受藝術永續與否影響。,願意
2023/08/19 2:31:53 下午 GMT+8,非營利組織/藝術團體,北部,3,4,4,4,4,3,4,4,最高,較低,較高,最低,沒有,使用無毒媒材、再生材料、廢物利用素材等;減少包裝材及文宣印製;工作場所、活動展場的節約能源;選擇符合永續精神的活動場地,是,不會，藝文預算不會受藝術永續與否影響。,願意
2023/08/19 8:36:40 下午 GMT+8,非營利組織/藝術團體,北部,4,3,2,3,4,2,3,2,較高,較低,最低,最高,有，以行動或計畫進行,工作場所、活動展場的節約能源,是,會，是淨零時代的所需。,願意
2023/08/20 11:20:48 下午 GMT+8,替代空間,南部,4,3,2,2,4,2,3,3,最高,較高,最低,較低,有，以行動或計畫進行,減少包裝材及文宣印製,不清楚，需要更多資訊。,不會，藝文預算不會受藝術永續與否影響。,願意
2023/08/21 8:22:55 上午 GMT+8,美術館,北部,3,3,3,4,4,4,3,3,較高,最高,較低,最低,有，設置專門的永續部門處理;有，以行動或計畫進行;有，制定藝術永續推動章程,工作場所、活動展場的節約能源;減少商務差旅,是,會，是淨零時代的所需。,願意
2023/08/21 3:22:59 下午 GMT+8,美術館,北部,3,2,3,4,5,4,2,3,最高,較高,較低,最低,有，以行動或計畫進行,使用無毒媒材、再生材料、廢物利用素材等;減少包裝材及文宣印製;工作場所、活動展場的節約能源;用海運或陸運取代空運;選擇符合永續精神的活動場地,否,不清楚，需要更多資訊。,願意
2023/08/23 7:00:07 上午 GMT+8,工作室,北部,4,3,3,4,4,4,3,3,較高,較低,最低,最高,有，以行動或計畫進行,使用無毒媒材、再生材料、廢物利用素材等;減少包裝材及文宣印製,是,會，是淨零時代的所需。,願意
2023/08/23 7:12:58 上午 GMT+8,工作室,北部,2,4,4,4,5,4,4,3,最高,較低,最低,較高,有，以行動或計畫進行,使用無毒媒材、再生材料、廢物利用素材等;減少包裝材及文宣印製;選擇符合永續精神的活動場地,不清楚，需要更多資訊。,不清楚，需要更多資訊。,願意
2023/08/23 10:52:49 下午 GMT+8,工作室,北部,5,3,3,5,5,5,3,3,最高,較高,最低,較低,沒有,減少包裝材及文宣印製;工作場所、活動展場的節約能源;減少商務差旅,不清楚，需要更多資訊。,會，是淨零時代的所需。,願意
2023/08/24 12:01:54 下午 GMT+8,替代空間,東部,3,3,3,5,5,3,3,2,較高,最高,最低,較低,有，以行動或計畫進行,使用無毒媒材、再生材料、廢物利用素材等;減少包裝材及文宣印製;工作場所、活動展場的節約能源,不清楚，需要更多資訊。,不清楚，需要更多資訊。,願意
2023/08/24 3:37:48 下午 GMT+8,工作室,東部,4,2,2,3,4,3,2,2,最高,較低,最低,較高,沒有,減少包裝材及文宣印製,不清楚，需要更多資訊。,不清楚，需要更多資訊。,願意
2023/08/24 6:32:06 下午 GMT+8,工作室,中部,4,2,3,2,4,2,3,3,較高,較低,最低,最高,有，以行動或計畫進行,使用無毒媒材、再生材料、廢物利用素材等;減少包裝材及文宣印製,是,不會，藝文預算不會受藝術永續與否影響。,願意
2023/08/25 3:22:38 下午 GMT+8,非營利組織/藝術團體,北部,3,3,3,2,1,1,3,1,較高,最高,最低,較低,有，設置專門的永續部門處理;有，以行動或計畫進行,沒有,否,不會，藝文預算不會受藝術永續與否影響。,不願意
2023/08/25 10:48:19 下午 GMT+8,工作室,北部,3,3,2,3,3,2,3,3,最低,最高,較低,較高,沒有,減少包裝材及文宣印製;工作場所、活動展場的節約能源,否,不清楚，需要更多資訊。,願意
2023/08/26 4:56:10 下午 GMT+8,替代空間,北部,4,3,4,5,2,2,2,3,最低,較低,較高,最高,沒有,使用無毒媒材、再生材料、廢物利用素材等;減少包裝材及文宣印製;選擇符合永續精神的活動場地,否,會，是淨零時代的所需。,願意
2023/08/26 6:08:32 下午 GMT+8,校院,北部,4,4,4,4,3,3,5,5,最低,較低,最高,較高,沒有,使用無毒媒材、再生材料、廢物利用素材等;用海運或陸運取代空運,是,會，是淨零時代的所需。,願意
2023/08/26 6:09:16 下午 GMT+8,非營利組織/藝術團體,北部,3,5,5,5,5,5,1,5,最低,較低,較高,最高,有，以行動或計畫進行,使用無毒媒材、再生材料、廢物利用素材等;減少包裝材及文宣印製,是,會，是淨零時代的所需。,願意
2023/08/27 6:46:15 上午 GMT+8,替代空間,南部,4,2,2,3,4,2,4,2,較高,較低,最高,最低,不清楚,工作場所、活動展場的節約能源;減少商務差旅,是,會，是淨零時代的所需。,願意
2023/08/27 6:47:35 上午 GMT+8,替代空間,東部,4,3,4,4,5,2,3,2,最高,較高,較低,最低,有，以行動或計畫進行,使用無毒媒材、再生材料、廢物利用素材等,不清楚，需要更多資訊。,不清楚，需要更多資訊。,願意
2023/08/27 9:41:10 上午 GMT+8,替代空間,北部,4,4,4,3,3,3,3,1,較低,較高,最高,最低,不清楚,使用無毒媒材、再生材料、廢物利用素材等,是,不會，藝文預算不會受藝術永續與否影響。,願意
2023/08/27 9:42:41 上午 GMT+8,校院,中部,2,3,2,3,5,2,3,2,最高,較高,最低,較低,有，以行動或計畫進行,宣導觀念,是,會，是淨零時代的所需。,願意
2023/08/27 9:43:59 上午 GMT+8,美術館,南部,5,4,4,4,5,4,3,3,較高,最高,最低,較低,有，設置專門的永續部門處理;有，以行動或計畫進行;有，制定藝術永續推動章程,減少商務差旅;選擇符合永續精神的活動場地,否,會，是淨零時代的所需。,願意
2023/08/27 9:45:23 上午 GMT+8,工作室,東部,2,3,2,4,4,2,2,2,最低,最高,較低,較高,有，以行動或計畫進行,使用無毒媒材、再生材料、廢物利用素材等;減少包裝材及文宣印製;工作場所、活動展場的節約能源,是,不會，藝文預算不會受藝術永續與否影響。,願意
2023/08/27 9:46:36 上午 GMT+8,非營利組織/藝術團體,南部,4,3,4,4,4,3,3,1,較低,最高,較高,最低,有，以行動或計畫進行,使用無毒媒材、再生材料、廢物利用素材等;減少包裝材及文宣印製;工作場所、活動展場的節約能源;減少商務差旅,不清楚，需要更多資訊。,會，是淨零時代的所需。,願意
2023/08/27 9:48:57 上午 GMT+8,替代空間,東部,5,4,4,4,5,2,3,1,最低,較高,最高,較低,有，以行動或計畫進行,使用無毒媒材、再生材料、廢物利用素材等;減少商務差旅,是,不清楚，需要更多資訊。,願意
2023/08/27 9:51:40 上午 GMT+8,工作室,北部,2,4,3,3,5,1,3,1,較低,最高,最低,較高,看自己的心情,工作場所、活動展場的節約能源;不是不想換，材料太貴了！,不清楚，需要更多資訊。,不清楚，需要更多資訊。,願意
2023/08/27 10:33:25 上午 GMT+8,美術館,南部,5,4,4,4,5,3,4,2,最高,較低,最低,較高,有，設置專門的永續部門處理;有，以行動或計畫進行,減少包裝材及文宣印製;共乘、推出永續相關的展覽,否,會，是淨零時代的所需。,願意
2023/08/27 10:35:03 上午 GMT+8,替代空間,南部,4,3,3,4,4,3,3,2,最低,最高,較高,較低,有，以行動或計畫進行,使用無毒媒材、再生材料、廢物利用素材等;減少包裝材及文宣印製,是,不清楚，需要更多資訊。,願意
2023/08/27 10:37:47 上午 GMT+8,校院,北部,4,4,4,4,4,4,4,3,較低,較高,最低,最高,有，設置專門的永續部門處理;有，以行動或計畫進行,在課程中介紹永續,是,會，是淨零時代的所需。,願意
2023/08/27 10:39:45 上午 GMT+8,工作室,南部,3,4,3,3,5,2,4,2,較低,最高,最低,較高,有，以行動或計畫進行,使用無毒媒材、再生材料、廢物利用素材等;減少包裝材及文宣印製;工作場所、活動展場的節約能源;減少商務差旅;以環保為主題創作，算嗎？,不清楚，需要更多資訊。,不清楚，需要更多資訊。,願意
2023/08/27 10:41:19 上午 GMT+8,替代空間,東部,5,4,2,3,5,2,4,2,最低,較高,最高,較低,有，以行動或計畫進行,使用無毒媒材、再生材料、廢物利用素材等;線上會議,不清楚，需要更多資訊。,不會，藝文預算不會受藝術永續與否影響。,願意
2023/08/27 10:51:41 上午 GMT+8,藝術園區,南部,5,3,2,4,5,3,3,2,最高,較高,最低,較低,有，以行動或計畫進行,邀請有環境意識的藝文人士,否,會，是淨零時代的所需。,願意
2023/08/27 1:02:05 下午 GMT+8,替代空間,南部,5,4,2,3,4,2,4,2,最高,較低,最低,較高,沒有,以創作為主，不想被環保限制創意,否,不會，藝文預算不會受藝術永續與否影響。,不願意
2023/08/27 1:04:24 下午 GMT+8,藝術園區,東部,4,4,4,4,4,4,4,4,最高,較高,最低,較低,有，以行動或計畫進行,減少包裝材及文宣印製;網路DM跟數位宣傳,是,會，是淨零時代的所需。,願意
2023/08/27 1:05:56 下午 GMT+8,非營利組織/藝術團體,北部,5,4,4,4,5,3,4,3,較低,最高,最低,較高,有，以行動或計畫進行,減少商務差旅,是,會，是淨零時代的所需。,願意
2023/08/27 1:08:43 下午 GMT+8,工作室,北部,2,4,4,4,5,3,3,2,最低,最高,較高,較低,一人工作室，夠節能了吧,沒有;一個人碳排很少了，沒有更環保的誘因,否,不會，藝文預算不會受藝術永續與否影響。,不願意
2023/08/27 2:20:14 下午 GMT+8,美術館,南部,4,3,3,3,4,3,2,2,較低,最高,最低,較高,不清楚,工作場所、活動展場的節約能源,是,會，是淨零時代的所需。,願意
2023/08/27 2:46:00 下午 GMT+8,美術館,南部,4,3,3,3,4,3,2,2,最高,較低,最低,較高,有，設置專門的永續部門處理,業務範圍中沒有減碳的要求，環保是個人選擇,是,會，是淨零時代的所需。,願意
2023/08/27 2:48:58 下午 GMT+8,工作室,北部,2,2,2,2,5,1,2,2,最低,最高,較高,較低,日常做起，用環保袋環保餐具,沒有固定，看心情,不清楚，需要更多資訊。,會，是淨零時代的所需。,願意
2023/08/27 3:08:15 下午 GMT+8,替代空間,南部,4,3,3,4,4,4,3,2,最低,最高,較高,較低,沒有強制，互相提醒要愛地球而已,開會辦活動都不用免洗餐具,是,會，是淨零時代的所需。,願意
2023/08/27 4:04:28 下午 GMT+8,美術館,北部,5,3,3,5,5,3,3,3,最高,較低,最低,較高,有，設置專門的永續部門處理,配合主管機關政策,否,會，是淨零時代的所需。,願意
2023/08/27 4:06:35 下午 GMT+8,美術館,南部,5,3,5,5,5,5,3,3,較高,較低,最低,最高,有，設置專門的永續部門處理,規劃環保主題的活動,否,會，是淨零時代的所需。,願意
2023/08/27 6:54:33 下午 GMT+8,非營利組織/藝術團體,北部,4,4,4,4,4,3,4,2,較低,最高,最低,較高,有，以行動或計畫進行,選擇符合永續精神的活動場地,是,會，是淨零時代的所需。,願意
2023/08/27 6:57:14 下午 GMT+8,校院,中部,3,4,3,3,5,3,3,2,較低,較高,最低,最高,不清楚,改搭大眾運輸,是,會，是淨零時代的所需。,願意
2023/08/27 6:58:29 下午 GMT+8,替代空間,南部,5,3,4,4,4,3,3,2,較高,較低,最低,最高,有，以行動或計畫進行,使用無毒媒材、再生材料、廢物利用素材等;減少包裝材及文宣印製,是,會，是淨零時代的所需。,願意
2023/08/27 7:35:31 下午 GMT+8,美術館,南部,2,4,3,3,4,4,2,3,較高,最高,較低,最低,沒有,減少包裝材及文宣印製,不清楚，需要更多資訊。,不清楚，需要更多資訊。,願意
2023/08/27 7:38:59 下午 GMT+8,工作室,北部,2,3,3,3,5,2,3,2,較高,較低,最低,最高,呼籲環保,減少一次性用具,是,會，是淨零時代的所需。,願意
2023/08/27 7:40:47 下午 GMT+8,替代空間,東部,5,4,4,4,5,2,4,1,最低,較低,最高,較高,在創作裡表現,使用無毒媒材、再生材料、廢物利用素材等,否,會，是淨零時代的所需。,願意
2023/08/27 7:56:52 下午 GMT+8,美術館,北部,5,3,4,4,4,3,2,2,最高,較低,最低,較高,有，以行動或計畫進行,數位宣傳,是,會，是淨零時代的所需。,願意
2023/08/27 7:58:17 下午 GMT+8,替代空間,南部,5,3,4,4,4,2,3,2,較高,最高,最低,較低,有，以行動或計畫進行,工作場所、活動展場的節約能源,是,會，是淨零時代的所需。,願意
2023/08/27 8:02:41 下午 GMT+8,工作室,北部,2,3,2,2,3,2,2,2,最低,最高,較高,較低,偶爾,視訊,是,不清楚，需要更多資訊。,願意
2023/08/27 8:04:43 下午 GMT+8,藝術園區,南部,4,3,3,4,4,2,2,2,較低,較高,最低,最高,有負責人,上面那些都不是我能決定的,不清楚，需要更多資訊。,會，是淨零時代的所需。,願意
2023/08/27 8:07:15 下午 GMT+8,替代空間,南部,5,4,4,4,5,1,2,1,最高,較高,最低,較低,策主題展,用Podcast宣導減碳,是,會，是淨零時代的所需。,願意
2023/08/27 8:08:19 下午 GMT+8,美術館,北部,5,4,4,4,5,2,3,1,最高,較低,最低,較高,有，設置專門的永續部門處理;有，制定藝術永續推動章程,工作場所、活動展場的節約能源,否,會，是淨零時代的所需。,願意
2023/08/27 8:09:33 下午 GMT+8,工作室,東部,1,1,1,1,5,1,1,1,較低,最低,最高,較高,沒有,使用無毒媒材、再生材料、廢物利用素材等,否,不會，藝文預算不會受藝術永續與否影響。,願意
2023/08/27 8:13:07 下午 GMT+8,替代空間,南部,4,4,5,5,5,3,4,2,較低,最低,較高,最高,工作處沒有強制，主要看個人,多走路騎單車,否,會，是淨零時代的所需。,願意
2023/08/27 8:15:00 下午 GMT+8,美術館,南部,5,4,4,3,5,2,3,1,最高,較低,最低,較高,有，制定藝術永續推動章程,無紙化,是,會，是淨零時代的所需。,願意
2023/08/27 8:16:16 下午 GMT+8,藝術園區,北部,5,4,1,2,5,2,3,2,最高,較低,最低,較高,有，制定藝術永續推動章程,大眾運輸,不清楚，需要更多資訊。,會，是淨零時代的所需。,願意
2023/08/27 8:18:12 下午 GMT+8,替代空間,南部,5,4,3,5,5,1,1,1,最高,較高,最低,較低,沒有,減少包裝材及文宣印製,是,會，是淨零時代的所需。,願意
2023/08/27 8:23:09 下午 GMT+8,工作室,北部,1,3,2,5,5,1,1,1,最低,較高,最高,較低,沒有;如果有獎補助就會做,藝術家為創意創作而生，不是減碳,不清楚，需要更多資訊。,不會，藝文預算不會受藝術永續與否影響。,不願意
2023/08/27 8:25:21 下午 GMT+8,美術館,北部,5,4,4,4,4,3,3,2,最高,較低,最低,較高,不清楚;柔性宣導而已,自己不會主動做，但如果上面有要求，就會配合,是,會，是淨零時代的所需。,願意
2023/08/27 8:28:34 下午 GMT+8,美術館,南部,5,3,2,5,5,3,2,2,最高,較低,最低,較高,不清楚,沒有;如果對員工開設宣導課程，會對減碳更有概念,是,會，是淨零時代的所需。,願意
2023/08/27 8:29:43 下午 GMT+8,替代空間,中部,4,4,2,5,5,1,2,2,最低,較低,較高,最高,有，以行動或計畫進行,使用無毒媒材、再生材料、廢物利用素材等;減少包裝材及文宣印製,是,會，是淨零時代的所需。,願意
2023/08/27 8:38:52 下午 GMT+8,美術館,中部,5,2,2,4,4,2,2,2,最高,較低,最低,較高,不清楚,減少包裝材及文宣印製,是,會，是淨零時代的所需。,願意
2023/08/27 8:40:02 下午 GMT+8,替代空間,中部,5,3,3,4,4,2,2,2,最低,較低,較高,最高,不清楚,使用無毒媒材、再生材料、廢物利用素材等,不清楚，需要更多資訊。,會，是淨零時代的所需。,願意
2023/08/27 8:41:50 下午 GMT+8,工作室,北部,1,2,2,4,4,1,2,2,最低,最高,較高,較低,有，以行動或計畫進行,減少包裝材及文宣印製;改用無毒材料成本太高,否,不會，藝文預算不會受藝術永續與否影響。,願意
2023/08/28 7:13:35 上午 GMT+8,工作室,東部,2,3,3,5,5,2,3,1,最低,較低,最高,較高,沒有,使用無毒媒材、再生材料、廢物利用素材等,否,會，是淨零時代的所需。,不願意
2023/08/28 7:36:25 上午 GMT+8,美術館,南部,5,3,3,4,4,2,2,1,最高,較低,最低,較高,有，制定藝術永續推動章程,個人業務上沒有什麼決定權,是,會，是淨零時代的所需。,願意
2023/08/28 7:39:12 上午 GMT+8,工作室,北部,2,3,4,5,5,2,3,1,最低,最高,較低,較高,不清楚;需要有教育訓或或獎補助才能提高對永續的認識,使用無毒媒材、再生材料、廢物利用素材等;減少包裝材及文宣印製,否,不會，藝文預算不會受藝術永續與否影響。,願意
2023/08/28 9:01:53 下午 GMT+8,非營利組織/藝術團體,北部,4,4,4,4,4,3,2,2,最高,較低,最低,較高,有，以行動或計畫進行,使用無毒媒材、再生材料、廢物利用素材等;減少包裝材及文宣印製;工作場所、活動展場的節約能源;選擇符合永續精神的活動場地,是,不清楚，需要更多資訊。,願意
2023/08/29 8:35:02 上午 GMT+8,藝術園區,南部,4,4,4,4,4,3,2,2,最高,較低,較高,最低,不清楚,工作場所、活動展場的節約能源,是,會，是淨零時代的所需。,願意
2023/08/29 2:29:58 下午 GMT+8,工作室,北部,1,2,2,3,4,3,2,3,較低,較高,最低,最高,沒有;不清楚,減少包裝材及文宣印製;工作場所、活動展場的節約能源;減少商務差旅,否,不清楚，需要更多資訊。,願意
2023/08/29 2:32:07 下午 GMT+8,工作室,北部,1,3,2,2,5,3,1,2,最高,較低,最低,較高,沒有,使用無毒媒材、再生材料、廢物利用素材等;減少包裝材及文宣印製;工作場所、活動展場的節約能源;減少商務差旅;用海運或陸運取代空運;選擇符合永續精神的活動場地,是,不清楚，需要更多資訊。,願意
2023/08/29 6:58:02 下午 GMT+8,工作室,北部,2,3,3,3,4,2,3,2,較低,最低,最高,較高,沒有,工作場所、活動展場的節約能源,不清楚，需要更多資訊。,會，是淨零時代的所需。,願意
2023/08/29 7:29:44 下午 GMT+8,校院,北部,2,1,3,4,5,3,3,3,最低,較低,較高,最高,有，以行動或計畫進行,使用無毒媒材、再生材料、廢物利用素材等;減少包裝材及文宣印製;選擇符合永續精神的活動場地,是,不清楚，需要更多資訊。,不願意
2023/08/29 7:36:09 下午 GMT+8,工作室,北部,2,3,2,3,5,2,3,2,較高,最高,較低,最低,沒有,減少包裝材及文宣印製,不清楚，需要更多資訊。,不清楚，需要更多資訊。,願意
2023/08/29 7:41:44 下午 GMT+8,工作室,北部,2,4,4,4,4,4,3,2,最高,較高,較低,最低,有，以行動或計畫進行,減少包裝材及文宣印製,是,會，是淨零時代的所需。,願意
2023/08/29 7:47:48 下午 GMT+8,公家機關,北部,3,3,4,3,5,5,2,3,最低,較低,較高,最高,沒有,減少包裝材及文宣印製;工作場所、活動展場的節約能源,是,不清楚，需要更多資訊。,願意
2023/08/29 7:55:50 下午 GMT+8,替代空間,中部,1,3,3,3,4,5,3,4,較高,最低,較低,最高,沒有,使用無毒媒材、再生材料、廢物利用素材等,是,會，是淨零時代的所需。,願意
2023/08/29 8:04:39 下午 GMT+8,替代空間,北部,4,2,3,5,5,5,1,3,最高,較高,最低,較低,沒有,使用無毒媒材、再生材料、廢物利用素材等;減少包裝材及文宣印製,是,不清楚，需要更多資訊。,願意
2023/08/29 8:18:11 下午 GMT+8,工作室,北部,3,2,3,4,3,3,1,3,最低,最高,較低,較高,沒有;不清楚,使用無毒媒材、再生材料、廢物利用素材等;減少包裝材及文宣印製;選擇符合永續精神的活動場地,是,會，是淨零時代的所需。,願意
2023/08/29 8:25:26 下午 GMT+8,替代空間,北部,4,3,4,4,5,2,2,2,最高,較高,最低,較低,有，制定藝術永續推動章程,使用無毒媒材、再生材料、廢物利用素材等;工作場所、活動展場的節約能源;選擇符合永續精神的活動場地,不清楚，需要更多資訊。,會，是淨零時代的所需。,願意
2023/08/29 8:33:00 下午 GMT+8,工作室,北部,2,2,2,4,5,2,1,1,最高,較低,最低,較高,沒有,減少包裝材及文宣印製;工作場所、活動展場的節約能源,是,會，是淨零時代的所需。,願意
2023/08/30 1:33:47 上午 GMT+8,校院,南部,3,1,2,3,4,3,3,3,最高,較高,較低,最低,沒有,使用無毒媒材、再生材料、廢物利用素材等;減少包裝材及文宣印製,不清楚，需要更多資訊。,不清楚，需要更多資訊。,願意
2023/08/30 5:43:29 下午 GMT+8,替代空間,北部,2,2,2,4,5,3,1,1,較低,最高,較高,最低,不清楚,減少包裝材及文宣印製,不清楚，需要更多資訊。,會，是淨零時代的所需。,願意
2023/09/01 7:22:18 上午 GMT+8,工作室,中部,2,3,3,4,4,3,2,2,最高,較高,最低,較低,有，以行動或計畫進行,減少包裝材及文宣印製,是,會，是淨零時代的所需。,願意
2023/09/01 7:27:38 上午 GMT+8,替代空間,中部,3,3,3,4,4,3,2,2,最高,較低,最低,較高,有，以行動或計畫進行,工作場所、活動展場的節約能源,不清楚，需要更多資訊。,會，是淨零時代的所需。,願意
2023/09/01 6:48:35 下午 GMT+8,工作室,北部,2,3,4,4,5,5,3,4,最高,較低,較高,最低,有，以行動或計畫進行;有，制定藝術永續推動章程,使用無毒媒材、再生材料、廢物利用素材等;減少包裝材及文宣印製;工作場所、活動展場的節約能源;選擇符合永續精神的活動場地,否,會，是淨零時代的所需。,願意
2023/09/04 8:08:59 上午 GMT+8,工作室,北部,3,3,3,4,4,3,1,1,最高,較高,最低,較低,沒有,沒有,不清楚，需要更多資訊。,不清楚，需要更多資訊。,願意
2023/09/04 8:12:30 上午 GMT+8,替代空間,北部,4,3,2,4,5,3,2,1,最高,較低,最低,較高,有，以行動或計畫進行,減少商務差旅,是,會，是淨零時代的所需。,願意
2023/09/04 8:15:37 上午 GMT+8,工作室,北部,3,2,3,4,5,3,3,3,較高,最低,最高,較低,有，以行動或計畫進行,減少包裝材及文宣印製,是,會，是淨零時代的所需。,願意
2023/09/04 8:16:39 上午 GMT+8,非營利組織/藝術團體,北部,4,3,3,4,5,3,3,2,較高,較低,最低,最高,有，以行動或計畫進行,使用無毒媒材、再生材料、廢物利用素材等;減少包裝材及文宣印製,是,會，是淨零時代的所需。,願意
2023/09/04 8:19:48 上午 GMT+8,非營利組織/藝術團體,南部,4,3,3,5,5,3,2,2,較高,較低,最低,最高,有，以行動或計畫進行;有，制定藝術永續推動章程,使用無毒媒材、再生材料、廢物利用素材等;減少包裝材及文宣印製;工作場所、活動展場的節約能源;減少商務差旅,是,會，是淨零時代的所需。,願意
2023/09/04 8:36:02 上午 GMT+8,工作室,中部,3,2,2,5,5,3,2,2,較低,最高,較高,最低,有，以行動或計畫進行,減少包裝材及文宣印製,是,會，是淨零時代的所需。,願意
2023/09/04 8:38:48 上午 GMT+8,替代空間,南部,4,3,3,4,5,3,2,2,最高,最低,較低,較高,有，以行動或計畫進行,工作場所、活動展場的節約能源,是,會，是淨零時代的所需。,願意
2023/09/04 8:41:29 上午 GMT+8,美術館,北部,4,3,4,5,5,3,3,2,最高,較低,最低,較高,有，設置專門的永續部門處理;有，制定藝術永續推動章程,減少商務差旅,是,會，是淨零時代的所需。,願意
2023/09/04 8:44:05 上午 GMT+8,藝術園區,東部,4,3,4,5,5,3,3,2,最高,較低,最低,較高,有，制定藝術永續推動章程,工作場所、活動展場的節約能源,是,會，是淨零時代的所需。,願意
2023/09/04 8:49:05 上午 GMT+8,校院,中部,4,3,3,5,5,3,3,3,最高,較低,最低,較高,不清楚,減少商務差旅;教育推廣,是,會，是淨零時代的所需。,願意
2023/09/04 8:52:46 上午 GMT+8,工作室,南部,3,3,3,5,5,3,2,2,較高,最高,最低,較低,有，以行動或計畫進行,使用無毒媒材、再生材料、廢物利用素材等;減少包裝材及文宣印製;工作場所、活動展場的節約能源;減少商務差旅,是,會，是淨零時代的所需。,願意
2023/09/04 8:56:32 上午 GMT+8,替代空間,南部,4,3,3,4,5,3,3,2,較高,較低,最低,最高,有，以行動或計畫進行,減少包裝材及文宣印製;工作場所、活動展場的節約能源,是,會，是淨零時代的所需。,願意
2023/09/04 10:31:06 上午 GMT+8,工作室,北部,2,2,2,4,4,2,2,2,較低,較高,最高,最低,沒有,使用無毒媒材、再生材料、廢物利用素材等,是,會，是淨零時代的所需。,願意
2023/09/04 10:34:41 上午 GMT+8,工作室,北部,3,3,3,5,5,3,2,2,較低,較高,最低,最高,有，以行動或計畫進行,減少包裝材及文宣印製,是,會，是淨零時代的所需。,願意
2023/09/04 10:52:16 上午 GMT+8,替代空間,北部,4,4,4,5,5,3,3,2,最高,較低,最低,較高,有，以行動或計畫進行,使用無毒媒材、再生材料、廢物利用素材等;減少包裝材及文宣印製;工作場所、活動展場的節約能源,是,會，是淨零時代的所需。,願意
2023/09/04 10:54:59 上午 GMT+8,工作室,北部,3,3,2,5,5,3,3,3,較高,較低,最低,最高,有，以行動或計畫進行,使用無毒媒材、再生材料、廢物利用素材等;減少包裝材及文宣印製;工作場所、活動展場的節約能源;減少商務差旅,是,會，是淨零時代的所需。,願意
2023/09/04 10:58:14 上午 GMT+8,美術館,南部,4,3,4,5,5,3,2,2,最高,較低,最低,較高,有，設置專門的永續部門處理;有，以行動或計畫進行;有，制定藝術永續推動章程,減少包裝材及文宣印製,是,會，是淨零時代的所需。,願意
2023/09/04 11:41:53 上午 GMT+8,工作室,東部,3,2,2,5,5,2,2,2,最低,較高,較低,最高,沒有,減少商務差旅,否,不會，藝文預算不會受藝術永續與否影響。,不願意
2023/09/04 11:47:26 上午 GMT+8,校院,東部,4,2,2,4,4,2,2,2,最高,最低,較低,較高,不清楚,教學,是,會，是淨零時代的所需。,願意
2023/09/04 11:50:44 上午 GMT+8,美術館,北部,4,2,2,5,5,3,2,2,最高,較高,最低,較低,有，設置專門的永續部門處理;有，以行動或計畫進行;有，制定藝術永續推動章程,使用無毒媒材、再生材料、廢物利用素材等;減少包裝材及文宣印製;工作場所、活動展場的節約能源;減少商務差旅,是,會，是淨零時代的所需。,願意
2023/09/04 11:57:54 上午 GMT+8,藝術園區,中部,4,2,2,5,5,3,2,2,最高,較高,最低,較低,有，設置專門的永續部門處理;有，以行動或計畫進行;有，制定藝術永續推動章程,減少商務差旅,是,會，是淨零時代的所需。,願意
2023/09/04 12:01:15 下午 GMT+8,工作室,中部,2,2,2,4,5,3,1,1,較高,最高,最低,較低,有，以行動或計畫進行,使用無毒媒材、再生材料、廢物利用素材等,是,會，是淨零時代的所需。,願意
2023/09/04 12:19:40 下午 GMT+8,非營利組織/藝術團體,南部,4,3,3,5,5,3,3,2,較高,較低,最低,最高,有，設置專門的永續部門處理;有，以行動或計畫進行;有，制定藝術永續推動章程,使用無毒媒材、再生材料、廢物利用素材等;減少包裝材及文宣印製;工作場所、活動展場的節約能源;減少商務差旅;用海運或陸運取代空運;選擇符合永續精神的活動場地,是,會，是淨零時代的所需。,願意
2023/09/04 12:22:08 下午 GMT+8,工作室,北部,2,2,2,5,5,3,2,2,較低,較高,最低,最高,有，以行動或計畫進行,使用無毒媒材、再生材料、廢物利用素材等;減少包裝材及文宣印製;工作場所、活動展場的節約能源;減少商務差旅,是,會，是淨零時代的所需。,願意
2023/09/04 12:26:54 下午 GMT+8,工作室,中部,4,4,4,5,5,4,3,2,最高,最低,較低,較高,有，以行動或計畫進行,使用無毒媒材、再生材料、廢物利用素材等;減少包裝材及文宣印製;工作場所、活動展場的節約能源,是,會，是淨零時代的所需。,願意
2023/09/04 12:43:25 下午 GMT+8,替代空間,南部,4,4,4,5,5,3,2,2,最高,最低,較低,較高,有，以行動或計畫進行;有，制定藝術永續推動章程,策劃永續主題展、邀請有環保意識的藝術家,是,會，是淨零時代的所需。,願意
2023/09/04 12:46:55 下午 GMT+8,工作室,東部,4,3,3,4,4,2,1,1,最低,較高,最高,較低,有，以行動或計畫進行,使用無毒媒材、再生材料、廢物利用素材等,否,不清楚，需要更多資訊。,願意
2023/09/04 1:09:24 下午 GMT+8,工作室,中部,4,3,3,5,5,4,2,2,較低,較高,最低,最高,有，以行動或計畫進行,使用無毒媒材、再生材料、廢物利用素材等;減少包裝材及文宣印製,不清楚，需要更多資訊。,會，是淨零時代的所需。,願意
2023/09/04 1:16:07 下午 GMT+8,校院,南部,4,4,4,5,5,3,3,2,最高,較低,最低,較高,有，以行動或計畫進行,宣導,是,會，是淨零時代的所需。,願意
2023/09/04 1:20:08 下午 GMT+8,非營利組織/藝術團體,中部,4,4,4,5,5,3,3,3,最高,較低,最低,較高,有，設置專門的永續部門處理;有，以行動或計畫進行;有，制定藝術永續推動章程,使用無毒媒材、再生材料、廢物利用素材等;減少包裝材及文宣印製;工作場所、活動展場的節約能源;減少商務差旅;用海運或陸運取代空運;選擇符合永續精神的活動場地,是,會，是淨零時代的所需。,願意
2023/09/04 1:22:30 下午 GMT+8,美術館,北部,5,3,3,5,5,3,3,3,最高,較高,最低,較低,有，設置專門的永續部門處理;有，以行動或計畫進行;有，制定藝術永續推動章程,減少商務差旅,不清楚，需要更多資訊。,會，是淨零時代的所需。,願意
2023/09/04 1:28:23 下午 GMT+8,畫廊,北部,4,2,2,4,4,2,2,2,最高,較高,最低,較低,有，以行動或計畫進行;邀約,減少包裝材及文宣印製;倡導,否,會，是淨零時代的所需。,願意
2023/09/04 1:32:59 下午 GMT+8,工作室,中部,4,3,2,4,5,3,2,2,最高,較高,較低,最低,有，以行動或計畫進行,使用無毒媒材、再生材料、廢物利用素材等;減少包裝材及文宣印製,否,會，是淨零時代的所需。,願意
2023/09/04 2:02:10 下午 GMT+8,工作室,東部,4,3,2,4,5,3,3,2,最低,較低,最高,較高,以創作傳達,使用無毒媒材、再生材料、廢物利用素材等;減少包裝材及文宣印製;工作場所、活動展場的節約能源;減少商務差旅;選擇符合永續精神的活動場地,否,會，是淨零時代的所需。,願意
2023/09/04 2:06:34 下午 GMT+8,替代空間,東部,4,4,4,4,5,3,3,2,較低,最低,最高,較高,有，以行動或計畫進行,使用無毒媒材、再生材料、廢物利用素材等;減少包裝材及文宣印製;工作場所、活動展場的節約能源,不清楚，需要更多資訊。,不清楚，需要更多資訊。,願意
2023/09/04 2:25:40 下午 GMT+8,工作室,中部,2,1,1,4,4,2,1,1,較高,最高,最低,較低,沒有,減少包裝材及文宣印製,是,會，是淨零時代的所需。,願意
2023/09/04 2:30:01 下午 GMT+8,替代空間,南部,4,3,3,4,5,3,1,1,較高,較低,最低,最高,有，以行動或計畫進行,使用無毒媒材、再生材料、廢物利用素材等;減少包裝材及文宣印製;工作場所、活動展場的節約能源,是,會，是淨零時代的所需。,願意
2023/09/04 2:36:07 下午 GMT+8,非營利組織/藝術團體,北部,4,3,2,5,5,2,2,2,最高,較低,最低,較高,有，以行動或計畫進行,使用無毒媒材、再生材料、廢物利用素材等;減少包裝材及文宣印製;工作場所、活動展場的節約能源;減少商務差旅;選擇符合永續精神的活動場地,否,會，是淨零時代的所需。,願意
2023/09/04 5:34:02 下午 GMT+8,工作室,中部,2,2,2,4,4,2,1,2,較高,最高,較低,最低,沒有,減少商務差旅;線上討論跟展覽,是,會，是淨零時代的所需。,願意
2023/09/04 5:38:11 下午 GMT+8,替代空間,中部,3,3,3,4,5,3,2,1,較高,最低,較低,最高,有，以行動或計畫進行,使用無毒媒材、再生材料、廢物利用素材等;減少包裝材及文宣印製;工作場所、活動展場的節約能源;減少商務差旅,是,會，是淨零時代的所需。,願意
2023/09/04 5:56:32 下午 GMT+8,美術館,北部,4,4,3,5,5,3,2,1,最高,較高,較低,最低,有，設置專門的永續部門處理;有，以行動或計畫進行;有，制定藝術永續推動章程,工作場所、活動展場的節約能源,否,會，是淨零時代的所需。,願意
2023/09/04 5:59:43 下午 GMT+8,校院,東部,4,4,3,5,5,3,3,1,最高,較高,最低,較低,有，以行動或計畫進行,課堂教學,是,會，是淨零時代的所需。,願意
2023/09/04 7:11:56 下午 GMT+8,工作室,東部,4,3,3,4,5,3,1,1,最低,較低,較高,最高,用創作表現,種花草,不清楚，需要更多資訊。,會，是淨零時代的所需。,願意
2023/09/04 7:20:41 下午 GMT+8,藝術園區,中部,4,3,3,4,5,2,1,1,最高,較高,較低,最低,有，以行動或計畫進行,減少包裝材及文宣印製;工作場所、活動展場的節約能源;減少商務差旅,否,會，是淨零時代的所需。,願意
2023/09/04 7:24:06 下午 GMT+8,校院,中部,4,3,3,4,4,2,3,1,較高,最高,較低,最低,不清楚,使用無毒媒材、再生材料、廢物利用素材等;減少包裝材及文宣印製;工作場所、活動展場的節約能源,是,會，是淨零時代的所需。,願意
2023/09/04 7:32:52 下午 GMT+8,非營利組織/藝術團體,北部,4,4,4,5,5,3,3,3,最高,較低,最低,較高,有，制定藝術永續推動章程,使用無毒媒材、再生材料、廢物利用素材等;減少包裝材及文宣印製;工作場所、活動展場的節約能源;減少商務差旅;選擇符合永續精神的活動場地,是,會，是淨零時代的所需。,願意
2023/09/04 7:56:22 下午 GMT+8,工作室,北部,2,3,2,4,4,2,2,2,最高,較高,較低,最低,沒有,減少包裝材及文宣印製,不清楚，需要更多資訊。,會，是淨零時代的所需。,願意
2023/09/04 8:00:20 下午 GMT+8,美術館,北部,5,3,3,5,5,5,3,2,最高,較低,最低,較高,有，以行動或計畫進行;有，制定藝術永續推動章程,減少商務差旅,否,會，是淨零時代的所需。,願意
2023/09/04 8:10:45 下午 GMT+8,美術館,東部,4,3,4,4,5,3,3,1,最高,最低,較高,較低,有，以行動或計畫進行,減少包裝材及文宣印製,不清楚，需要更多資訊。,會，是淨零時代的所需。,願意
2023/09/04 8:20:51 下午 GMT+8,畫廊,中部,4,3,3,4,4,3,3,3,較高,最高,較低,最低,沒有,沒有,否,會，是淨零時代的所需。,願意
2023/09/04 8:24:48 下午 GMT+8,畫廊,中部,4,3,3,3,3,3,2,2,較高,最高,較低,最低,有，以行動或計畫進行,減少商務差旅,是,會，是淨零時代的所需。,願意
2023/09/04 8:29:02 下午 GMT+8,工作室,北部,4,3,2,4,4,4,4,2,較低,較高,最高,最低,沒有,使用無毒媒材、再生材料、廢物利用素材等;減少包裝材及文宣印製,是,會，是淨零時代的所需。,願意
2023/09/04 8:32:27 下午 GMT+8,工作室,南部,4,4,4,5,5,2,2,1,較低,較高,最高,最低,沒有,減少包裝材及文宣印製,是,不會，藝文預算不會受藝術永續與否影響。,不願意
2023/09/04 8:47:02 下午 GMT+8,替代空間,東部,5,4,3,5,5,3,3,2,最高,較低,最低,較高,有，以行動或計畫進行,減少包裝材及文宣印製;工作場所、活動展場的節約能源,是,不會，藝文預算不會受藝術永續與否影響。,願意
2023/09/04 8:52:35 下午 GMT+8,工作室,東部,5,4,4,5,5,5,4,2,最低,較低,最高,較高,有，以行動或計畫進行,使用無毒媒材、再生材料、廢物利用素材等;減少包裝材及文宣印製;工作場所、活動展場的節約能源;減少商務差旅;選擇符合永續精神的活動場地,不清楚，需要更多資訊。,不會，藝文預算不會受藝術永續與否影響。,願意
2023/09/04 8:56:43 下午 GMT+8,替代空間,北部,5,4,3,5,5,3,3,2,較高,最低,較低,最高,有，以行動或計畫進行,減少包裝材及文宣印製;工作場所、活動展場的節約能源,是,會，是淨零時代的所需。,願意
2023/09/04 9:12:18 下午 GMT+8,替代空間,南部,4,3,3,5,5,3,3,2,較高,最高,較低,最低,有，以行動或計畫進行,使用無毒媒材、再生材料、廢物利用素材等,是,會，是淨零時代的所需。,願意
2023/09/04 9:14:31 下午 GMT+8,校院,中部,3,3,3,4,5,2,1,1,最高,最低,較高,較低,不清楚,工作場所、活動展場的節約能源,不清楚，需要更多資訊。,會，是淨零時代的所需。,願意
2023/09/04 9:18:08 下午 GMT+8,美術館,中部,5,4,4,5,5,3,3,1,最高,較高,最低,較低,有，以行動或計畫進行;有，制定藝術永續推動章程,使用無毒媒材、再生材料、廢物利用素材等;減少包裝材及文宣印製,是,會，是淨零時代的所需。,願意
2023/09/04 9:26:55 下午 GMT+8,藝術園區,北部,5,4,2,4,5,3,3,2,最高,較低,較高,最低,不清楚,工作場所、活動展場的節約能源,否,不清楚，需要更多資訊。,願意
2023/09/04 9:36:51 下午 GMT+8,非營利組織/藝術團體,北部,4,4,4,5,5,2,2,2,較高,最高,較低,最低,有，以行動或計畫進行;有，制定藝術永續推動章程,使用無毒媒材、再生材料、廢物利用素材等;減少包裝材及文宣印製;工作場所、活動展場的節約能源;減少商務差旅,不清楚，需要更多資訊。,不清楚，需要更多資訊。,願意
2023/09/04 9:40:59 下午 GMT+8,替代空間,北部,5,4,3,5,5,1,1,1,較高,最高,較低,最低,有，以行動或計畫進行,使用無毒媒材、再生材料、廢物利用素材等;減少包裝材及文宣印製;工作場所、活動展場的節約能源;減少商務差旅;選擇符合永續精神的活動場地,不清楚，需要更多資訊。,不清楚，需要更多資訊。,願意
2023/09/04 9:45:21 下午 GMT+8,替代空間,南部,4,2,2,4,4,2,1,1,較低,最高,較高,最低,不清楚,工作場所、活動展場的節約能源,不清楚，需要更多資訊。,不清楚，需要更多資訊。,願意
2023/09/05 12:03:11 下午 GMT+8,工作室,北部,2,3,3,5,5,3,3,1,最低,較高,最高,較低,有，以行動或計畫進行,使用無毒媒材、再生材料、廢物利用素材等;減少包裝材及文宣印製,是,會，是淨零時代的所需。,願意
2023/09/05 5:50:56 下午 GMT+8,替代空間,北部,4,3,2,4,5,2,2,1,較低,最高,較高,最低,有，以行動或計畫進行,減少包裝材及文宣印製,是,會，是淨零時代的所需。,願意
2023/09/06 12:34:50 下午 GMT+8,工作室,南部,2,3,2,4,5,2,1,1,較低,最高,較高,最低,有，以行動或計畫進行,使用無毒媒材、再生材料、廢物利用素材等;減少包裝材及文宣印製;減少商務差旅,不清楚，需要更多資訊。,不清楚，需要更多資訊。,願意
2023/09/06 12:37:44 下午 GMT+8,替代空間,南部,4,4,3,4,5,3,2,2,最高,較高,最低,較低,有，以行動或計畫進行,使用無毒媒材、再生材料、廢物利用素材等;減少包裝材及文宣印製,是,會，是淨零時代的所需。,願意
2023/09/06 12:41:45 下午 GMT+8,美術館,北部,4,3,3,4,4,3,2,1,最高,較高,最低,較低,有，以行動或計畫進行;有，制定藝術永續推動章程,工作場所、活動展場的節約能源,否,會，是淨零時代的所需。,願意
2023/09/06 12:49:15 下午 GMT+8,校院,北部,4,3,2,4,5,3,3,2,最高,較高,最低,較低,不清楚,教學,是,會，是淨零時代的所需。,願意
2023/09/06 1:46:59 下午 GMT+8,非營利組織/藝術團體,北部,4,4,3,5,5,5,4,2,較高,較低,最低,最高,有，設置專門的永續部門處理;有，以行動或計畫進行;有，制定藝術永續推動章程,減少包裝材及文宣印製;工作場所、活動展場的節約能源;網路，社群，podcast,是,會，是淨零時代的所需。,願意
2023/09/06 1:53:18 下午 GMT+8,工作室,東部,4,3,2,3,4,3,2,2,最高,最低,較低,較高,有，以行動或計畫進行,減少包裝材及文宣印製,是,會，是淨零時代的所需。,願意
2023/09/06 5:08:33 下午 GMT+8,替代空間,中部,4,3,2,4,4,2,2,2,最高,較高,較低,最低,沒有,減少包裝材及文宣印製,不清楚，需要更多資訊。,不清楚，需要更多資訊。,願意
2023/09/07 10:04:58 上午 GMT+8,工作室,北部,1,3,2,2,2,4,2,2,較低,最低,較高,最高,沒有,使用無毒媒材、再生材料、廢物利用素材等;減少包裝材及文宣印製,否,不清楚，需要更多資訊。,不願意
2023/09/07 10:47:28 下午 GMT+8,劇團,北部,3,1,5,1,5,5,1,3,最高,較高,較低,最低,沒有,使用無毒媒材、再生材料、廢物利用素材等;工作場所、活動展場的節約能源;部分使用廢物利用素材，但完成品難以再回收，加工過程也不一定環保,是,會，是淨零時代的所需。,願意
2023/09/08 6:53:13 上午 GMT+8,非營利組織/藝術團體,北部,4,3,2,4,4,4,1,1,較高,最高,最低,較低,有，以行動或計畫進行,減少商務差旅,是,會，是淨零時代的所需。,願意
2023/09/08 6:58:41 上午 GMT+8,美術館,中部,5,3,3,4,5,3,3,3,最高,最低,較低,較高,有，以行動或計畫進行;有，制定藝術永續推動章程,工作場所、活動展場的節約能源,否,會，是淨零時代的所需。,願意
2023/09/08 7:04:45 上午 GMT+8,替代空間,北部,4,2,2,4,4,2,1,1,較高,最高,較低,最低,不清楚,使用無毒媒材、再生材料、廢物利用素材等;減少包裝材及文宣印製,是,不清楚，需要更多資訊。,願意
2023/09/08 7:12:01 上午 GMT+8,工作室,東部,4,2,2,5,5,1,1,1,最低,較低,最高,較高,自由心證，想到就做,種樹、吃素,否,不會，藝文預算不會受藝術永續與否影響。,不願意
2023/09/08 7:17:50 上午 GMT+8,工作室,東部,2,1,1,4,5,1,1,1,較低,最低,較高,最高,有，以行動或計畫進行,使用無毒媒材、再生材料、廢物利用素材等;減少包裝材及文宣印製;工作場所、活動展場的節約能源;生活在大自然裡,不清楚，需要更多資訊。,不清楚，需要更多資訊。,願意
2023/09/08 12:48:39 下午 GMT+8,畫廊,北部,4,2,2,4,4,3,1,1,最高,較高,較低,最低,沒有,沒有;畫廊就是要漂亮舒適的藝術環境呀,否,不會，藝文預算不會受藝術永續與否影響。,願意
2023/09/08 4:01:31 下午 GMT+8,工作室,南部,4,2,2,4,4,3,3,1,最高,較高,最低,較低,有，以行動或計畫進行,使用無毒媒材、再生材料、廢物利用素材等;減少包裝材及文宣印製;工作場所、活動展場的節約能源;減少商務差旅,是,會，是淨零時代的所需。,願意
2023/09/08 8:48:59 下午 GMT+8,校院,中部,3,3,2,4,5,2,2,2,較高,最高,最低,較低,不清楚,工作場所、活動展場的節約能源;宣導,是,不清楚，需要更多資訊。,願意
2023/09/09 3:05:08 下午 GMT+8,工作室,南部,3,2,2,4,5,3,1,2,最高,較高,最低,較低,有，以行動或計畫進行,工作場所、活動展場的節約能源,不清楚，需要更多資訊。,不會，藝文預算不會受藝術永續與否影響。,願意
2023/09/09 3:11:02 下午 GMT+8,替代空間,南部,4,2,3,3,4,3,3,2,較低,最高,較高,最低,不清楚,做一些線上活動,是,不清楚，需要更多資訊。,願意
2023/09/09 3:15:17 下午 GMT+8,校院,北部,3,3,2,4,5,3,3,3,最高,較高,最低,較低,不清楚,教學生環保、資源回收、垃圾分類,是,會，是淨零時代的所需。,願意
2023/09/10 8:03:24 上午 GMT+8,工作室,北部,3,4,2,4,5,2,1,1,較低,較高,最高,最低,有，以行動或計畫進行,使用無毒媒材、再生材料、廢物利用素材等;減少包裝材及文宣印製,是,不清楚，需要更多資訊。,願意
2023/09/10 3:40:33 下午 GMT+8,替代空間,北部,4,3,2,4,5,3,1,1,較低,較高,最高,最低,有，以行動或計畫進行,減少包裝材及文宣印製;工作場所、活動展場的節約能源,不清楚，需要更多資訊。,不清楚，需要更多資訊。,願意
2023/09/11 8:43:36 上午 GMT+8,工作室,南部,2,4,2,3,4,2,1,2,較高,最低,較低,最高,沒有,減少商務差旅,不清楚，需要更多資訊。,不會，藝文預算不會受藝術永續與否影響。,願意
2023/09/11 8:47:15 上午 GMT+8,畫廊,北部,3,4,3,3,5,3,3,3,最高,較高,較低,最低,沒有,主題展,否,會，是淨零時代的所需。,願意
2023/09/11 8:51:23 上午 GMT+8,藝術園區,中部,4,3,2,3,5,3,2,2,最高,最低,較低,較高,不清楚,沒有,否,不清楚，需要更多資訊。,願意
2023/09/11 8:53:54 上午 GMT+8,校院,東部,3,3,2,4,5,3,3,1,最高,較低,較高,最低,沒有,觀念教育,是,會，是淨零時代的所需。,願意
2023/09/11 9:08:37 上午 GMT+8,工作室,北部,4,3,3,4,4,4,3,2,最低,最高,較高,較低,以創作進行,使用無毒媒材、再生材料、廢物利用素材等;減少包裝材及文宣印製;減少商務差旅,是,會，是淨零時代的所需。,願意
2023/09/11 10:46:24 上午 GMT+8,工作室,南部,4,4,3,4,5,2,3,2,較高,最高,最低,較低,沒有,減少包裝材及文宣印製;工作場所、活動展場的節約能源;減少商務差旅,不清楚，需要更多資訊。,會，是淨零時代的所需。,願意
2023/09/11 11:42:35 上午 GMT+8,藝術園區,北部,4,3,4,4,4,4,3,4,最高,較高,較低,最低,有，以行動或計畫進行,使用無毒媒材、再生材料、廢物利用素材等;減少包裝材及文宣印製;工作場所、活動展場的節約能源;選擇符合永續精神的活動場地,否,不會，藝文預算不會受藝術永續與否影響。,願意
2023/09/11 11:50:26 上午 GMT+8,藝術園區,北部,3,5,4,4,5,4,2,3,最高,較高,最低,較低,有，以行動或計畫進行,使用無毒媒材、再生材料、廢物利用素材等;工作場所、活動展場的節約能源,是,不清楚，需要更多資訊。,願意
2023/09/11 1:11:20 下午 GMT+8,工作室,南部,4,3,3,4,5,4,3,2,較高,最高,較低,最低,有，以行動或計畫進行,使用無毒媒材、再生材料、廢物利用素材等;減少包裝材及文宣印製;工作場所、活動展場的節約能源,否,不清楚，需要更多資訊。,願意
2023/09/11 1:46:46 下午 GMT+8,美術館,北部,5,4,3,3,4,2,2,1,最高,較高,較低,最低,不清楚,工作場所、活動展場的節約能源,否,不清楚，需要更多資訊。,願意
2023/09/11 4:16:51 下午 GMT+8,藝術園區,北部,3,4,3,3,4,3,3,3,最高,較高,較低,最低,有，以行動或計畫進行,使用無毒媒材、再生材料、廢物利用素材等;減少包裝材及文宣印製;工作場所、活動展場的節約能源,是,不清楚，需要更多資訊。,願意
2023/09/13 11:09:16 上午 GMT+8,工作室,北部,2,4,2,4,5,3,3,2,最高,較高,最低,較低,沒有,使用無毒媒材、再生材料、廢物利用素材等;減少包裝材及文宣印製;工作場所、活動展場的節約能源;減少商務差旅,是,不會，藝文預算不會受藝術永續與否影響。,願意
2023/09/13 11:14:18 上午 GMT+8,工作室,南部,4,1,1,3,3,3,1,1,最低,最高,較低,較高,有，以行動或計畫進行,沒有;個人工作室減碳，對大環境的影響又如何,不清楚，需要更多資訊。,不清楚，需要更多資訊。,不願意
2023/09/13 11:18:43 上午 GMT+8,藝術園區,北部,4,4,4,4,4,4,4,2,最高,較高,最低,較低,有，以行動或計畫進行,使用無毒媒材、再生材料、廢物利用素材等;減少包裝材及文宣印製;工作場所、活動展場的節約能源;選擇符合永續精神的活動場地,是,會，是淨零時代的所需。,願意
2023/09/13 11:22:03 上午 GMT+8,美術館,北部,3,3,2,3,5,3,2,1,最高,較低,最低,較高,有，設置專門的永續部門處理;有，以行動或計畫進行,減少包裝材及文宣印製,是,會，是淨零時代的所需。,願意
2023/09/13 11:27:38 上午 GMT+8,替代空間,東部,3,2,2,3,4,2,1,1,最低,最高,較高,較低,因人而異,減少包裝材及文宣印製;減少商務差旅,是,會，是淨零時代的所需。,願意
2023/09/13 11:31:58 上午 GMT+8,非營利組織/藝術團體,北部,4,4,2,3,5,2,1,1,最高,較高,最低,較低,有，制定藝術永續推動章程,使用無毒媒材、再生材料、廢物利用素材等;減少包裝材及文宣印製;工作場所、活動展場的節約能源;減少商務差旅;選擇符合永續精神的活動場地;推廣觀念,是,會，是淨零時代的所需。,願意
2023/09/13 11:34:43 上午 GMT+8,校院,中部,3,3,3,3,5,3,3,1,最高,最低,較低,較高,有，以行動或計畫進行,教學,是,會，是淨零時代的所需。,願意
2023/09/13 11:40:20 上午 GMT+8,工作室,北部,4,3,4,4,5,2,1,1,最低,較高,最高,較低,沒有,填這份電子問卷,否,不清楚，需要更多資訊。,願意
2023/09/13 11:45:44 上午 GMT+8,工作室,北部,3,1,1,3,4,1,1,1,較低,較高,最高,最低,沒有,使用無毒媒材、再生材料、廢物利用素材等,否,不會，藝文預算不會受藝術永續與否影響。,願意
2023/09/13 11:50:56 上午 GMT+8,藝術園區,中部,4,4,4,4,4,4,2,1,最高,較高,較低,最低,有，制定藝術永續推動章程,打造自己成為環保的場域,是,會，是淨零時代的所需。,願意
2023/09/13 11:53:38 上午 GMT+8,藝術園區,北部,3,3,3,4,5,3,2,1,最高,較高,最低,較低,有，設置專門的永續部門處理,選擇有永續創意的合作對象,是,會，是淨零時代的所需。,願意
2023/09/13 11:56:57 上午 GMT+8,畫廊,南部,3,3,3,3,3,3,3,3,較低,最高,較高,最低,不清楚,沒有,否,不會，藝文預算不會受藝術永續與否影響。,不願意
2023/09/13 12:02:15 下午 GMT+8,藝術品拍賣,北部,4,2,2,3,3,3,1,1,較高,最低,最高,較低,沒有,沒有,不清楚，需要更多資訊。,會，是淨零時代的所需。,願意
2023/09/13 12:05:50 下午 GMT+8,工作室,北部,3,3,3,5,5,3,3,1,最低,最高,較高,較低,有，以行動或計畫進行,使用無毒媒材、再生材料、廢物利用素材等;減少包裝材及文宣印製;工作場所、活動展場的節約能源;減少商務差旅,是,會，是淨零時代的所需。,願意
2023/09/14 10:49:17 上午 GMT+8,工作室,南部,3,3,3,3,5,3,2,1,較高,最高,較低,最低,沒有,電子宣傳,是,會，是淨零時代的所需。,願意